"","num","txt"
"3","1110","Amsterdam"
"4","1110","Haarlem"
"5","1110","C"
"6","1110","23 to 35 years"
"7","1110","36 to 50 years"
"8","1110","Male"
"9","1110","Married"
"10","1110","Unmarried"
"11","3510","Amsterdam"
"12","3510","C"
"13","3510","36 to 50 years"
"14","3510","Male"
"15","3510","Married"
"16","3510","Unmarried"
"17","4217","Amsterdam"
"18","4217","Haarlem"
"19","4217","Den Helder"
"20","4217","Zaandam"
"21","4217","A"
"22","4217","B"
"23","4217","C"
"24","4217","D"
"25","4217","12 to 13 years"
"26","4217","14 to 15 years"
"27","4217","16 to 17 years"
"28","4217","18 to 22 years"
"29","4217","23 to 35 years"
"30","4217","36 to 50 years"
"31","4217","51 to 60 years"
"32","4217","61 to 65 years"
"33","4217","66 to 70 years"
"34","4217","More than 71 years"
"35","4217","Male"
"36","4217","Female"
"37","4217","Married"
"38","4217","Unmarried"
"39","4220","Amsterdam"
"40","4220","Den Helder"
"41","4220","Zaandam"
"42","4220","A"
"43","4220","D"
"44","4220","16 to 17 years"
"45","4220","18 to 22 years"
"46","4220","23 to 35 years"
"47","4220","36 to 50 years"
"48","4220","51 to 60 years"
"49","4220","61 to 65 years"
"50","4220","66 to 70 years"
"51","4220","More than 71 years"
"52","4220","Male"
"53","4220","Married"
"54","4220","Unmarried"
"55","4230","Amsterdam"
"56","4230","Haarlem"
"57","4230","Den Helder"
"58","4230","Zaandam"
"59","4230","C"
"60","4230","D"
"61","4230","16 to 17 years"
"62","4230","18 to 22 years"
"63","4230","23 to 35 years"
"64","4230","36 to 50 years"
"65","4230","51 to 60 years"
"66","4230","Male"
"67","4230","Married"
"68","4230","Unmarried"
"69","6710","Amsterdam"
"70","6710","Haarlem"
"71","6710","Den Helder"
"72","6710","Zaandam"
"73","6710","A"
"74","6710","B"
"75","6710","C"
"76","6710","D"
"77","6710","12 to 13 years"
"78","6710","14 to 15 years"
"79","6710","16 to 17 years"
"80","6710","18 to 22 years"
"81","6710","23 to 35 years"
"82","6710","36 to 50 years"
"83","6710","51 to 60 years"
"84","6710","61 to 65 years"
"85","6710","66 to 70 years"
"86","6710","More than 71 years"
"87","6710","Less than 12 years"
"88","6710","Male"
"89","6710","Female"
"90","6710","Married"
"91","6710","Unmarried"
"92","16120","Amsterdam"
"93","16120","Haarlem"
"94","16120","Purmerend"
"95","16120","Zaandam"
"96","16120","A"
"97","16120","B"
"98","16120","C"
"99","16120","D"
"100","16120","12 to 13 years"
"101","16120","14 to 15 years"
"102","16120","16 to 17 years"
"103","16120","18 to 22 years"
"104","16120","23 to 35 years"
"105","16120","36 to 50 years"
"106","16120","51 to 60 years"
"107","16120","61 to 65 years"
"108","16120","66 to 70 years"
"109","16120","More than 71 years"
"110","16120","Male"
"111","16120","Female"
"112","16120","Married"
"113","16120","Unmarried"
"114","16160","Amsterdam"
"115","16160","Haarlem"
"116","16160","Den Helder"
"117","16160","Zaandam"
"118","16160","A"
"119","16160","B"
"120","16160","C"
"121","16160","D"
"122","16160","14 to 15 years"
"123","16160","16 to 17 years"
"124","16160","18 to 22 years"
"125","16160","23 to 35 years"
"126","16160","36 to 50 years"
"127","16160","51 to 60 years"
"128","16160","61 to 65 years"
"129","16160","66 to 70 years"
"130","16160","More than 71 years"
"131","16160","Male"
"132","16160","Female"
"133","16160","Married"
"134","16160","Unmarried"
"135","16190","Amsterdam"
"136","16190","A"
"137","16190","C"
"138","16190","D"
"139","16190","14 to 15 years"
"140","16190","23 to 35 years"
"141","16190","36 to 50 years"
"142","16190","51 to 60 years"
"143","16190","Male"
"144","16190","Married"
"145","16190","Unmarried"
"146","16310","Amsterdam"
"147","16310","Haarlem"
"148","16310","Den Helder"
"149","16310","Zaandam"
"150","16310","A"
"151","16310","B"
"152","16310","C"
"153","16310","D"
"154","16310","12 to 13 years"
"155","16310","14 to 15 years"
"156","16310","16 to 17 years"
"157","16310","18 to 22 years"
"158","16310","23 to 35 years"
"159","16310","36 to 50 years"
"160","16310","51 to 60 years"
"161","16310","61 to 65 years"
"162","16310","66 to 70 years"
"163","16310","Male"
"164","16310","Female"
"165","16310","Married"
"166","16310","Unmarried"
"167","21110","Alkmaar"
"168","21110","Amsterdam"
"169","21110","Beverwijk"
"170","21110","Bloemendaal"
"171","21110","Bussum"
"172","21110","Edam"
"173","21110","Enkhuizen"
"174","21110","Haarlem"
"175","21110","Haarlemmermeer"
"176","21110","Den Helder"
"177","21110","Hilversum"
"178","21110","Hoorn"
"179","21110","Nieuwer Amstel"
"180","21110","Purmerend"
"181","21110","Sloten"
"182","21110","Texel"
"183","21110","Velzen"
"184","21110","Weesp"
"185","21110","Wormerveer"
"186","21110","Zaandam"
"187","21110","A"
"188","21110","B"
"189","21110","C"
"190","21110","D"
"191","21110","12 to 13 years"
"192","21110","14 to 15 years"
"193","21110","16 to 17 years"
"194","21110","18 to 22 years"
"195","21110","23 to 35 years"
"196","21110","36 to 50 years"
"197","21110","51 to 60 years"
"198","21110","61 to 65 years"
"199","21110","66 to 70 years"
"200","21110","More than 71 years"
"201","21110","Male"
"202","21110","Female"
"203","21110","Married"
"204","21110","Unmarried"
"205","21240","Amsterdam"
"206","21240","Haarlem"
"207","21240","Den Helder"
"208","21240","Zaandam"
"209","21240","A"
"210","21240","B"
"211","21240","C"
"212","21240","D"
"213","21240","18 to 22 years"
"214","21240","23 to 35 years"
"215","21240","36 to 50 years"
"216","21240","51 to 60 years"
"217","21240","61 to 65 years"
"218","21240","66 to 70 years"
"219","21240","More than 71 years"
"220","21240","Male"
"221","21240","Married"
"222","21240","Unmarried"
"223","21970","Den Helder"
"224","21970","A"
"225","21970","C"
"226","21970","23 to 35 years"
"227","21970","36 to 50 years"
"228","21970","61 to 65 years"
"229","21970","Male"
"230","21970","Married"
"231","22000","Amsterdam"
"232","22000","Haarlem"
"233","22000","Den Helder"
"234","22000","Zaandam"
"235","22000","C"
"236","22000","D"
"237","22000","18 to 22 years"
"238","22000","23 to 35 years"
"239","22000","36 to 50 years"
"240","22000","51 to 60 years"
"241","22000","61 to 65 years"
"242","22000","66 to 70 years"
"243","22000","Male"
"244","22000","Female"
"245","22000","Married"
"246","22000","Unmarried"
"247","22450","Amsterdam"
"248","22450","Haarlem"
"249","22450","Den Helder"
"250","22450","Zaandam"
"251","22450","C"
"252","22450","D"
"253","22450","14 to 15 years"
"254","22450","16 to 17 years"
"255","22450","18 to 22 years"
"256","22450","23 to 35 years"
"257","22450","36 to 50 years"
"258","22450","51 to 60 years"
"259","22450","66 to 70 years"
"260","22450","Male"
"261","22450","Female"
"262","22450","Married"
"263","22450","Unmarried"
"264","22610","Amsterdam"
"265","22610","C"
"266","22610","36 to 50 years"
"267","22610","Male"
"268","22610","Married"
"269","22675","Amsterdam"
"270","22675","A"
"271","22675","C"
"272","22675","D"
"273","22675","18 to 22 years"
"274","22675","23 to 35 years"
"275","22675","36 to 50 years"
"276","22675","51 to 60 years"
"277","22675","61 to 65 years"
"278","22675","66 to 70 years"
"279","22675","Male"
"280","22675","Married"
"281","22675","Unmarried"
"282","30000","Amsterdam"
"283","30000","Haarlem"
"284","30000","Den Helder"
"285","30000","Zaandam"
"286","30000","B"
"287","30000","C"
"288","30000","D"
"289","30000","12 to 13 years"
"290","30000","14 to 15 years"
"291","30000","16 to 17 years"
"292","30000","18 to 22 years"
"293","30000","23 to 35 years"
"294","30000","36 to 50 years"
"295","30000","51 to 60 years"
"296","30000","61 to 65 years"
"297","30000","66 to 70 years"
"298","30000","More than 71 years"
"299","30000","Less than 12 years"
"300","30000","Male"
"301","30000","Female"
"302","30000","Married"
"303","30000","Unmarried"
"304","31090","Amsterdam"
"305","31090","Haarlem"
"306","31090","A"
"307","31090","B"
"308","31090","C"
"309","31090","23 to 35 years"
"310","31090","36 to 50 years"
"311","31090","51 to 60 years"
"312","31090","66 to 70 years"
"313","31090","Male"
"314","31090","Married"
"315","31090","Unmarried"
"316","33135","Amsterdam"
"317","33135","Haarlem"
"318","33135","Den Helder"
"319","33135","Zaandam"
"320","33135","A"
"321","33135","B"
"322","33135","C"
"323","33135","D"
"324","33135","14 to 15 years"
"325","33135","16 to 17 years"
"326","33135","18 to 22 years"
"327","33135","23 to 35 years"
"328","33135","36 to 50 years"
"329","33135","51 to 60 years"
"330","33135","61 to 65 years"
"331","33135","66 to 70 years"
"332","33135","More than 71 years"
"333","33135","Male"
"334","33135","Married"
"335","33135","Unmarried"
"336","37030","Amsterdam"
"337","37030","Haarlem"
"338","37030","Den Helder"
"339","37030","Zaandam"
"340","37030","C"
"341","37030","D"
"342","37030","16 to 17 years"
"343","37030","18 to 22 years"
"344","37030","23 to 35 years"
"345","37030","36 to 50 years"
"346","37030","51 to 60 years"
"347","37030","61 to 65 years"
"348","37030","Male"
"349","37030","Married"
"350","37030","Unmarried"
"351","37040","Amsterdam"
"352","37040","Den Helder"
"353","37040","Zaandam"
"354","37040","A"
"355","37040","D"
"356","37040","12 to 13 years"
"357","37040","14 to 15 years"
"358","37040","16 to 17 years"
"359","37040","18 to 22 years"
"360","37040","23 to 35 years"
"361","37040","36 to 50 years"
"362","37040","51 to 60 years"
"363","37040","61 to 65 years"
"364","37040","66 to 70 years"
"365","37040","More than 71 years"
"366","37040","Male"
"367","37040","Female"
"368","37040","Married"
"369","37040","Unmarried"
"370","38000","Amsterdam"
"371","38000","C"
"372","38000","23 to 35 years"
"373","38000","Female"
"374","38000","Unmarried"
"375","39120","Amsterdam"
"376","39120","Haarlem"
"377","39120","Den Helder"
"378","39120","Zaandam"
"379","39120","A"
"380","39120","B"
"381","39120","C"
"382","39120","D"
"383","39120","12 to 13 years"
"384","39120","14 to 15 years"
"385","39120","16 to 17 years"
"386","39120","18 to 22 years"
"387","39120","23 to 35 years"
"388","39120","36 to 50 years"
"389","39120","51 to 60 years"
"390","39120","61 to 65 years"
"391","39120","66 to 70 years"
"392","39120","More than 71 years"
"393","39120","Male"
"394","39120","Female"
"395","39120","Married"
"396","39120","Unmarried"
"397","39140","Amsterdam"
"398","39140","A"
"399","39140","B"
"400","39140","C"
"401","39140","D"
"402","39140","12 to 13 years"
"403","39140","14 to 15 years"
"404","39140","16 to 17 years"
"405","39140","18 to 22 years"
"406","39140","23 to 35 years"
"407","39140","36 to 50 years"
"408","39140","51 to 60 years"
"409","39140","61 to 65 years"
"410","39140","66 to 70 years"
"411","39140","More than 71 years"
"412","39140","Male"
"413","39140","Female"
"414","39140","Married"
"415","39140","Unmarried"
"416","39190","Amsterdam"
"417","39190","Haarlem"
"418","39190","Zaandam"
"419","39190","A"
"420","39190","B"
"421","39190","C"
"422","39190","D"
"423","39190","16 to 17 years"
"424","39190","18 to 22 years"
"425","39190","23 to 35 years"
"426","39190","36 to 50 years"
"427","39190","51 to 60 years"
"428","39190","61 to 65 years"
"429","39190","66 to 70 years"
"430","39190","More than 71 years"
"431","39190","Male"
"432","39190","Female"
"433","39190","Married"
"434","39190","Unmarried"
"435","41020","Alkmaar"
"436","41020","Beverwijk"
"437","41020","Bloemendaal"
"438","41020","Bussum"
"439","41020","Edam"
"440","41020","Enkhuizen"
"441","41020","Haarlemmermeer"
"442","41020","Hilversum"
"443","41020","Hoorn"
"444","41020","Nieuwer Amstel"
"445","41020","Purmerend"
"446","41020","Sloten"
"447","41020","Texel"
"448","41020","Velzen"
"449","41020","Weesp"
"450","41020","Wormerveer"
"451","41020","A"
"452","41020","B"
"453","41020","C"
"454","41020","D"
"455","41020","14 to 15 years"
"456","41020","16 to 17 years"
"457","41020","18 to 22 years"
"458","41020","23 to 35 years"
"459","41020","36 to 50 years"
"460","41020","51 to 60 years"
"461","41020","61 to 65 years"
"462","41020","66 to 70 years"
"463","41020","More than 71 years"
"464","41020","Male"
"465","41020","Female"
"466","41020","Married"
"467","41020","Unmarried"
"468","41025","Alkmaar"
"469","41025","Amsterdam"
"470","41025","Beverwijk"
"471","41025","Bloemendaal"
"472","41025","Bussum"
"473","41025","Edam"
"474","41025","Enkhuizen"
"475","41025","Haarlem"
"476","41025","Haarlemmermeer"
"477","41025","Den Helder"
"478","41025","Hilversum"
"479","41025","Hoorn"
"480","41025","Nieuwer Amstel"
"481","41025","Purmerend"
"482","41025","Sloten"
"483","41025","Texel"
"484","41025","Velzen"
"485","41025","Weesp"
"486","41025","Wormerveer"
"487","41025","Zaandam"
"488","41025","A"
"489","41025","B"
"490","41025","C"
"491","41025","D"
"492","41025","12 to 13 years"
"493","41025","14 to 15 years"
"494","41025","16 to 17 years"
"495","41025","18 to 22 years"
"496","41025","23 to 35 years"
"497","41025","36 to 50 years"
"498","41025","51 to 60 years"
"499","41025","61 to 65 years"
"500","41025","66 to 70 years"
"501","41025","More than 71 years"
"502","41025","Less than 12 years"
"503","41025","Male"
"504","41025","Female"
"505","41025","Married"
"506","41025","Unmarried"
"507","41030","Alkmaar"
"508","41030","Amsterdam"
"509","41030","Beverwijk"
"510","41030","Bloemendaal"
"511","41030","Bussum"
"512","41030","Edam"
"513","41030","Enkhuizen"
"514","41030","Haarlem"
"515","41030","Haarlemmermeer"
"516","41030","Den Helder"
"517","41030","Hilversum"
"518","41030","Hoorn"
"519","41030","Nieuwer Amstel"
"520","41030","Purmerend"
"521","41030","Sloten"
"522","41030","Texel"
"523","41030","Velzen"
"524","41030","Weesp"
"525","41030","Wormerveer"
"526","41030","Zaandam"
"527","41030","A"
"528","41030","B"
"529","41030","C"
"530","41030","D"
"531","41030","12 to 13 years"
"532","41030","14 to 15 years"
"533","41030","16 to 17 years"
"534","41030","18 to 22 years"
"535","41030","23 to 35 years"
"536","41030","36 to 50 years"
"537","41030","51 to 60 years"
"538","41030","61 to 65 years"
"539","41030","66 to 70 years"
"540","41030","More than 71 years"
"541","41030","Less than 12 years"
"542","41030","Male"
"543","41030","Female"
"544","41030","Married"
"545","41030","Unmarried"
"546","41040","Amsterdam"
"547","41040","Haarlem"
"548","41040","Den Helder"
"549","41040","Zaandam"
"550","41040","A"
"551","41040","B"
"552","41040","C"
"553","41040","D"
"554","41040","14 to 15 years"
"555","41040","16 to 17 years"
"556","41040","18 to 22 years"
"557","41040","23 to 35 years"
"558","41040","36 to 50 years"
"559","41040","51 to 60 years"
"560","41040","61 to 65 years"
"561","41040","66 to 70 years"
"562","41040","More than 71 years"
"563","41040","Male"
"564","41040","Female"
"565","41040","Married"
"566","41040","Unmarried"
"567","42230","Amsterdam"
"568","42230","Haarlem"
"569","42230","A"
"570","42230","B"
"571","42230","C"
"572","42230","D"
"573","42230","12 to 13 years"
"574","42230","18 to 22 years"
"575","42230","23 to 35 years"
"576","42230","36 to 50 years"
"577","42230","51 to 60 years"
"578","42230","61 to 65 years"
"579","42230","66 to 70 years"
"580","42230","More than 71 years"
"581","42230","Male"
"582","42230","Female"
"583","42230","Married"
"584","42230","Unmarried"
"585","43200","Amsterdam"
"586","43200","Haarlem"
"587","43200","Den Helder"
"588","43200","Zaandam"
"589","43200","A"
"590","43200","B"
"591","43200","C"
"592","43200","D"
"593","43200","14 to 15 years"
"594","43200","16 to 17 years"
"595","43200","18 to 22 years"
"596","43200","23 to 35 years"
"597","43200","36 to 50 years"
"598","43200","51 to 60 years"
"599","43200","61 to 65 years"
"600","43200","66 to 70 years"
"601","43200","More than 71 years"
"602","43200","Male"
"603","43200","Female"
"604","43200","Married"
"605","43200","Unmarried"
"606","43220","Amsterdam"
"607","43220","Haarlem"
"608","43220","Den Helder"
"609","43220","Zaandam"
"610","43220","C"
"611","43220","16 to 17 years"
"612","43220","18 to 22 years"
"613","43220","23 to 35 years"
"614","43220","36 to 50 years"
"615","43220","51 to 60 years"
"616","43220","61 to 65 years"
"617","43220","66 to 70 years"
"618","43220","More than 71 years"
"619","43220","Male"
"620","43220","Female"
"621","43220","Married"
"622","43220","Unmarried"
"623","43230","Amsterdam"
"624","43230","A"
"625","43230","B"
"626","43230","23 to 35 years"
"627","43230","36 to 50 years"
"628","43230","51 to 60 years"
"629","43230","61 to 65 years"
"630","43230","More than 71 years"
"631","43230","Male"
"632","43230","Female"
"633","43230","Married"
"634","43230","Unmarried"
"635","44100","Amsterdam"
"636","44100","Haarlem"
"637","44100","Den Helder"
"638","44100","Zaandam"
"639","44100","A"
"640","44100","B"
"641","44100","C"
"642","44100","D"
"643","44100","14 to 15 years"
"644","44100","16 to 17 years"
"645","44100","18 to 22 years"
"646","44100","23 to 35 years"
"647","44100","36 to 50 years"
"648","44100","51 to 60 years"
"649","44100","61 to 65 years"
"650","44100","66 to 70 years"
"651","44100","More than 71 years"
"652","44100","Male"
"653","44100","Female"
"654","44100","Married"
"655","44100","Unmarried"
"656","44120","Amsterdam"
"657","44120","Haarlem"
"658","44120","Den Helder"
"659","44120","Zaandam"
"660","44120","A"
"661","44120","B"
"662","44120","C"
"663","44120","D"
"664","44120","14 to 15 years"
"665","44120","16 to 17 years"
"666","44120","18 to 22 years"
"667","44120","23 to 35 years"
"668","44120","36 to 50 years"
"669","44120","51 to 60 years"
"670","44120","61 to 65 years"
"671","44120","66 to 70 years"
"672","44120","More than 71 years"
"673","44120","Male"
"674","44120","Female"
"675","44120","Married"
"676","44120","Unmarried"
"677","44320","Amsterdam"
"678","44320","Haarlem"
"679","44320","Den Helder"
"680","44320","A"
"681","44320","C"
"682","44320","D"
"683","44320","23 to 35 years"
"684","44320","36 to 50 years"
"685","44320","51 to 60 years"
"686","44320","61 to 65 years"
"687","44320","66 to 70 years"
"688","44320","More than 71 years"
"689","44320","Male"
"690","44320","Married"
"691","44320","Unmarried"
"692","45130","Amsterdam"
"693","45130","Haarlem"
"694","45130","Zaandam"
"695","45130","A"
"696","45130","B"
"697","45130","C"
"698","45130","D"
"699","45130","16 to 17 years"
"700","45130","18 to 22 years"
"701","45130","23 to 35 years"
"702","45130","36 to 50 years"
"703","45130","51 to 60 years"
"704","45130","61 to 65 years"
"705","45130","66 to 70 years"
"706","45130","More than 71 years"
"707","45130","Male"
"708","45130","Female"
"709","45130","Married"
"710","45130","Unmarried"
"711","45220","Amsterdam"
"712","45220","Haarlem"
"713","45220","Den Helder"
"714","45220","Zaandam"
"715","45220","A"
"716","45220","B"
"717","45220","C"
"718","45220","D"
"719","45220","12 to 13 years"
"720","45220","14 to 15 years"
"721","45220","16 to 17 years"
"722","45220","18 to 22 years"
"723","45220","23 to 35 years"
"724","45220","36 to 50 years"
"725","45220","51 to 60 years"
"726","45220","61 to 65 years"
"727","45220","66 to 70 years"
"728","45220","More than 71 years"
"729","45220","Male"
"730","45220","Female"
"731","45220","Married"
"732","45220","Unmarried"
"733","49090","Amsterdam"
"734","49090","Den Helder"
"735","49090","D"
"736","49090","18 to 22 years"
"737","49090","23 to 35 years"
"738","49090","36 to 50 years"
"739","49090","Male"
"740","49090","Married"
"741","49090","Unmarried"
"742","51020","Amsterdam"
"743","51020","Haarlem"
"744","51020","Den Helder"
"745","51020","Zaandam"
"746","51020","A"
"747","51020","B"
"748","51020","C"
"749","51020","D"
"750","51020","14 to 15 years"
"751","51020","16 to 17 years"
"752","51020","18 to 22 years"
"753","51020","23 to 35 years"
"754","51020","36 to 50 years"
"755","51020","51 to 60 years"
"756","51020","61 to 65 years"
"757","51020","66 to 70 years"
"758","51020","More than 71 years"
"759","51020","Male"
"760","51020","Female"
"761","51020","Married"
"762","51020","Unmarried"
"763","51050","Amsterdam"
"764","51050","Haarlem"
"765","51050","Den Helder"
"766","51050","Zaandam"
"767","51050","A"
"768","51050","B"
"769","51050","C"
"770","51050","D"
"771","51050","12 to 13 years"
"772","51050","14 to 15 years"
"773","51050","16 to 17 years"
"774","51050","18 to 22 years"
"775","51050","23 to 35 years"
"776","51050","36 to 50 years"
"777","51050","51 to 60 years"
"778","51050","61 to 65 years"
"779","51050","66 to 70 years"
"780","51050","More than 71 years"
"781","51050","Male"
"782","51050","Female"
"783","51050","Married"
"784","51050","Unmarried"
"785","51090","Amsterdam"
"786","51090","Haarlem"
"787","51090","Zaandam"
"788","51090","A"
"789","51090","18 to 22 years"
"790","51090","23 to 35 years"
"791","51090","36 to 50 years"
"792","51090","51 to 60 years"
"793","51090","61 to 65 years"
"794","51090","66 to 70 years"
"795","51090","More than 71 years"
"796","51090","Male"
"797","51090","Female"
"798","51090","Married"
"799","51090","Unmarried"
"800","53100","Amsterdam"
"801","53100","Haarlem"
"802","53100","Den Helder"
"803","53100","Zaandam"
"804","53100","A"
"805","53100","C"
"806","53100","D"
"807","53100","14 to 15 years"
"808","53100","16 to 17 years"
"809","53100","18 to 22 years"
"810","53100","23 to 35 years"
"811","53100","36 to 50 years"
"812","53100","51 to 60 years"
"813","53100","61 to 65 years"
"814","53100","More than 71 years"
"815","53100","Male"
"816","53100","Female"
"817","53100","Married"
"818","53100","Unmarried"
"819","53190","Amsterdam"
"820","53190","D"
"821","53190","18 to 22 years"
"822","53190","Female"
"823","53190","Unmarried"
"824","53210","Amsterdam"
"825","53210","Haarlem"
"826","53210","Den Helder"
"827","53210","Zaandam"
"828","53210","C"
"829","53210","D"
"830","53210","12 to 13 years"
"831","53210","14 to 15 years"
"832","53210","16 to 17 years"
"833","53210","18 to 22 years"
"834","53210","23 to 35 years"
"835","53210","36 to 50 years"
"836","53210","51 to 60 years"
"837","53210","61 to 65 years"
"838","53210","66 to 70 years"
"839","53210","More than 71 years"
"840","53210","Male"
"841","53210","Female"
"842","53210","Married"
"843","53210","Unmarried"
"844","53250","Amsterdam"
"845","53250","Haarlem"
"846","53250","Den Helder"
"847","53250","Zaandam"
"848","53250","C"
"849","53250","D"
"850","53250","14 to 15 years"
"851","53250","16 to 17 years"
"852","53250","18 to 22 years"
"853","53250","23 to 35 years"
"854","53250","36 to 50 years"
"855","53250","51 to 60 years"
"856","53250","Male"
"857","53250","Female"
"858","53250","Married"
"859","53250","Unmarried"
"860","55220","Amsterdam"
"861","55220","Haarlem"
"862","55220","Den Helder"
"863","55220","Zaandam"
"864","55220","A"
"865","55220","B"
"866","55220","C"
"867","55220","D"
"868","55220","14 to 15 years"
"869","55220","16 to 17 years"
"870","55220","18 to 22 years"
"871","55220","23 to 35 years"
"872","55220","36 to 50 years"
"873","55220","51 to 60 years"
"874","55220","61 to 65 years"
"875","55220","66 to 70 years"
"876","55220","More than 71 years"
"877","55220","Male"
"878","55220","Female"
"879","55220","Married"
"880","55220","Unmarried"
"881","55230","Amsterdam"
"882","55230","Haarlem"
"883","55230","Den Helder"
"884","55230","Zaandam"
"885","55230","A"
"886","55230","C"
"887","55230","D"
"888","55230","14 to 15 years"
"889","55230","16 to 17 years"
"890","55230","18 to 22 years"
"891","55230","23 to 35 years"
"892","55230","36 to 50 years"
"893","55230","51 to 60 years"
"894","55230","61 to 65 years"
"895","55230","66 to 70 years"
"896","55230","More than 71 years"
"897","55230","Male"
"898","55230","Female"
"899","55230","Married"
"900","55230","Unmarried"
"901","55240","Amsterdam"
"902","55240","Haarlem"
"903","55240","Zaandam"
"904","55240","A"
"905","55240","D"
"906","55240","12 to 13 years"
"907","55240","14 to 15 years"
"908","55240","16 to 17 years"
"909","55240","18 to 22 years"
"910","55240","23 to 35 years"
"911","55240","36 to 50 years"
"912","55240","51 to 60 years"
"913","55240","61 to 65 years"
"914","55240","66 to 70 years"
"915","55240","Male"
"916","55240","Female"
"917","55240","Married"
"918","55240","Unmarried"
"919","56010","Amsterdam"
"920","56010","Haarlem"
"921","56010","Zaandam"
"922","56010","A"
"923","56010","B"
"924","56010","C"
"925","56010","D"
"926","56010","12 to 13 years"
"927","56010","14 to 15 years"
"928","56010","16 to 17 years"
"929","56010","18 to 22 years"
"930","56010","23 to 35 years"
"931","56010","36 to 50 years"
"932","56010","51 to 60 years"
"933","56010","61 to 65 years"
"934","56010","66 to 70 years"
"935","56010","More than 71 years"
"936","56010","Male"
"937","56010","Female"
"938","56010","Married"
"939","56010","Unmarried"
"940","56070","Amsterdam"
"941","56070","Haarlem"
"942","56070","Den Helder"
"943","56070","Zaandam"
"944","56070","A"
"945","56070","B"
"946","56070","C"
"947","56070","D"
"948","56070","12 to 13 years"
"949","56070","14 to 15 years"
"950","56070","16 to 17 years"
"951","56070","18 to 22 years"
"952","56070","23 to 35 years"
"953","56070","36 to 50 years"
"954","56070","51 to 60 years"
"955","56070","61 to 65 years"
"956","56070","66 to 70 years"
"957","56070","More than 71 years"
"958","56070","Less than 12 years"
"959","56070","Male"
"960","56070","Female"
"961","56070","Married"
"962","56070","Unmarried"
"963","56090","Amsterdam"
"964","56090","Haarlem"
"965","56090","Den Helder"
"966","56090","A"
"967","56090","D"
"968","56090","14 to 15 years"
"969","56090","16 to 17 years"
"970","56090","18 to 22 years"
"971","56090","23 to 35 years"
"972","56090","36 to 50 years"
"973","56090","51 to 60 years"
"974","56090","61 to 65 years"
"975","56090","66 to 70 years"
"976","56090","More than 71 years"
"977","56090","Male"
"978","56090","Female"
"979","56090","Married"
"980","56090","Unmarried"
"981","57030","Amsterdam"
"982","57030","Haarlem"
"983","57030","Den Helder"
"984","57030","Zaandam"
"985","57030","A"
"986","57030","B"
"987","57030","C"
"988","57030","D"
"989","57030","12 to 13 years"
"990","57030","14 to 15 years"
"991","57030","16 to 17 years"
"992","57030","18 to 22 years"
"993","57030","23 to 35 years"
"994","57030","36 to 50 years"
"995","57030","51 to 60 years"
"996","57030","61 to 65 years"
"997","57030","66 to 70 years"
"998","57030","More than 71 years"
"999","57030","Less than 12 years"
"1000","57030","Male"
"1001","57030","Female"
"1002","57030","Married"
"1003","57030","Unmarried"
"1004","58320","Amsterdam"
"1005","58320","Haarlem"
"1006","58320","Zaandam"
"1007","58320","C"
"1008","58320","18 to 22 years"
"1009","58320","23 to 35 years"
"1010","58320","36 to 50 years"
"1011","58320","51 to 60 years"
"1012","58320","Male"
"1013","58320","Married"
"1014","58320","Unmarried"
"1015","58330","Amsterdam"
"1016","58330","C"
"1017","58330","D"
"1018","58330","23 to 35 years"
"1019","58330","36 to 50 years"
"1020","58330","51 to 60 years"
"1021","58330","61 to 65 years"
"1022","58330","Male"
"1023","58330","Married"
"1024","58330","Unmarried"
"1025","58940","Amsterdam"
"1026","58940","B"
"1027","58940","C"
"1028","58940","D"
"1029","58940","36 to 50 years"
"1030","58940","51 to 60 years"
"1031","58940","66 to 70 years"
"1032","58940","Male"
"1033","58940","Female"
"1034","58940","Married"
"1035","59990","Amsterdam"
"1036","59990","Haarlem"
"1037","59990","Zaandam"
"1038","59990","A"
"1039","59990","D"
"1040","59990","16 to 17 years"
"1041","59990","18 to 22 years"
"1042","59990","23 to 35 years"
"1043","59990","36 to 50 years"
"1044","59990","51 to 60 years"
"1045","59990","61 to 65 years"
"1046","59990","66 to 70 years"
"1047","59990","More than 71 years"
"1048","59990","Male"
"1049","59990","Female"
"1050","59990","Married"
"1051","59990","Unmarried"
"1052","61220","Amsterdam"
"1053","61220","Haarlem"
"1054","61220","Den Helder"
"1055","61220","Zaandam"
"1056","61220","A"
"1057","61220","B"
"1058","61220","C"
"1059","61220","D"
"1060","61220","12 to 13 years"
"1061","61220","14 to 15 years"
"1062","61220","16 to 17 years"
"1063","61220","18 to 22 years"
"1064","61220","23 to 35 years"
"1065","61220","36 to 50 years"
"1066","61220","51 to 60 years"
"1067","61220","61 to 65 years"
"1068","61220","66 to 70 years"
"1069","61220","More than 71 years"
"1070","61220","Less than 12 years"
"1071","61220","Male"
"1072","61220","Female"
"1073","61220","Married"
"1074","61220","Unmarried"
"1075","61230","Amsterdam"
"1076","61230","Haarlem"
"1077","61230","A"
"1078","61230","C"
"1079","61230","D"
"1080","61230","16 to 17 years"
"1081","61230","18 to 22 years"
"1082","61230","23 to 35 years"
"1083","61230","36 to 50 years"
"1084","61230","51 to 60 years"
"1085","61230","61 to 65 years"
"1086","61230","66 to 70 years"
"1087","61230","More than 71 years"
"1088","61230","Male"
"1089","61230","Married"
"1090","61230","Unmarried"
"1091","61240","Amsterdam"
"1092","61240","Haarlem"
"1093","61240","Den Helder"
"1094","61240","Zaandam"
"1095","61240","A"
"1096","61240","B"
"1097","61240","D"
"1098","61240","12 to 13 years"
"1099","61240","16 to 17 years"
"1100","61240","18 to 22 years"
"1101","61240","23 to 35 years"
"1102","61240","36 to 50 years"
"1103","61240","51 to 60 years"
"1104","61240","61 to 65 years"
"1105","61240","66 to 70 years"
"1106","61240","More than 71 years"
"1107","61240","Male"
"1108","61240","Female"
"1109","61240","Married"
"1110","61240","Unmarried"
"1111","61270","Amsterdam"
"1112","61270","Haarlem"
"1113","61270","A"
"1114","61270","B"
"1115","61270","C"
"1116","61270","D"
"1117","61270","14 to 15 years"
"1118","61270","18 to 22 years"
"1119","61270","23 to 35 years"
"1120","61270","36 to 50 years"
"1121","61270","51 to 60 years"
"1122","61270","61 to 65 years"
"1123","61270","66 to 70 years"
"1124","61270","More than 71 years"
"1125","61270","Male"
"1126","61270","Married"
"1127","61270","Unmarried"
"1128","62490","Amsterdam"
"1129","62490","A"
"1130","62490","66 to 70 years"
"1131","62490","Male"
"1132","62490","Married"
"1133","62970","Amsterdam"
"1134","62970","Haarlem"
"1135","62970","Zaandam"
"1136","62970","A"
"1137","62970","D"
"1138","62970","16 to 17 years"
"1139","62970","18 to 22 years"
"1140","62970","23 to 35 years"
"1141","62970","36 to 50 years"
"1142","62970","51 to 60 years"
"1143","62970","Male"
"1144","62970","Married"
"1145","62970","Unmarried"
"1146","63140","Amsterdam"
"1147","63140","Zaandam"
"1148","63140","A"
"1149","63140","B"
"1150","63140","D"
"1151","63140","14 to 15 years"
"1152","63140","18 to 22 years"
"1153","63140","23 to 35 years"
"1154","63140","36 to 50 years"
"1155","63140","51 to 60 years"
"1156","63140","61 to 65 years"
"1157","63140","66 to 70 years"
"1158","63140","More than 71 years"
"1159","63140","Male"
"1160","63140","Married"
"1161","63140","Unmarried"
"1162","64100","Amsterdam"
"1163","64100","Haarlem"
"1164","64100","Zaandam"
"1165","64100","A"
"1166","64100","D"
"1167","64100","16 to 17 years"
"1168","64100","18 to 22 years"
"1169","64100","23 to 35 years"
"1170","64100","36 to 50 years"
"1171","64100","51 to 60 years"
"1172","64100","61 to 65 years"
"1173","64100","66 to 70 years"
"1174","64100","More than 71 years"
"1175","64100","Male"
"1176","64100","Married"
"1177","64100","Unmarried"
"1178","64120","Amsterdam"
"1179","64120","Den Helder"
"1180","64120","A"
"1181","64120","B"
"1182","64120","C"
"1183","64120","D"
"1184","64120","12 to 13 years"
"1185","64120","14 to 15 years"
"1186","64120","16 to 17 years"
"1187","64120","18 to 22 years"
"1188","64120","23 to 35 years"
"1189","64120","36 to 50 years"
"1190","64120","51 to 60 years"
"1191","64120","61 to 65 years"
"1192","64120","66 to 70 years"
"1193","64120","More than 71 years"
"1194","64120","Less than 12 years"
"1195","64120","Male"
"1196","64120","Married"
"1197","64120","Unmarried"
"1198","64960","Wormerveer"
"1199","64960","Zaandam"
"1200","64960","A"
"1201","64960","23 to 35 years"
"1202","64960","Male"
"1203","64960","Married"
"1204","64960","Unmarried"
"1205","64990","Den Helder"
"1206","64990","C"
"1207","64990","36 to 50 years"
"1208","64990","Male"
"1209","64990","Married"
"1210","71220","Amsterdam"
"1211","71220","Haarlem"
"1212","71220","Den Helder"
"1213","71220","Zaandam"
"1214","71220","A"
"1215","71220","C"
"1216","71220","D"
"1217","71220","12 to 13 years"
"1218","71220","14 to 15 years"
"1219","71220","16 to 17 years"
"1220","71220","18 to 22 years"
"1221","71220","23 to 35 years"
"1222","71220","36 to 50 years"
"1223","71220","51 to 60 years"
"1224","71220","61 to 65 years"
"1225","71220","66 to 70 years"
"1226","71220","Less than 12 years"
"1227","71220","Male"
"1228","71220","Married"
"1229","71220","Unmarried"
"1230","72000","Amsterdam"
"1231","72000","Haarlem"
"1232","72000","Den Helder"
"1233","72000","Zaandam"
"1234","72000","C"
"1235","72000","D"
"1236","72000","12 to 13 years"
"1237","72000","14 to 15 years"
"1238","72000","16 to 17 years"
"1239","72000","18 to 22 years"
"1240","72000","23 to 35 years"
"1241","72000","36 to 50 years"
"1242","72000","51 to 60 years"
"1243","72000","61 to 65 years"
"1244","72000","Male"
"1245","72000","Female"
"1246","72000","Married"
"1247","72000","Unmarried"
"1248","72420","Amsterdam"
"1249","72420","Haarlem"
"1250","72420","Den Helder"
"1251","72420","Zaandam"
"1252","72420","A"
"1253","72420","B"
"1254","72420","C"
"1255","72420","D"
"1256","72420","12 to 13 years"
"1257","72420","14 to 15 years"
"1258","72420","16 to 17 years"
"1259","72420","18 to 22 years"
"1260","72420","23 to 35 years"
"1261","72420","36 to 50 years"
"1262","72420","51 to 60 years"
"1263","72420","61 to 65 years"
"1264","72420","66 to 70 years"
"1265","72420","More than 71 years"
"1266","72420","Male"
"1267","72420","Female"
"1268","72420","Married"
"1269","72420","Unmarried"
"1270","72500","Haarlem"
"1271","72500","D"
"1272","72500","36 to 50 years"
"1273","72500","Male"
"1274","72500","Married"
"1275","72830","Amsterdam"
"1276","72830","Haarlem"
"1277","72830","A"
"1278","72830","C"
"1279","72830","D"
"1280","72830","16 to 17 years"
"1281","72830","18 to 22 years"
"1282","72830","23 to 35 years"
"1283","72830","36 to 50 years"
"1284","72830","Male"
"1285","72830","Married"
"1286","72830","Unmarried"
"1287","72890","Amsterdam"
"1288","72890","A"
"1289","72890","23 to 35 years"
"1290","72890","Male"
"1291","72890","Unmarried"
"1292","73400","Zaandam"
"1293","73400","D"
"1294","73400","36 to 50 years"
"1295","73400","Male"
"1296","73400","Married"
"1297","73490","Haarlem"
"1298","73490","D"
"1299","73490","14 to 15 years"
"1300","73490","16 to 17 years"
"1301","73490","36 to 50 years"
"1302","73490","Male"
"1303","73490","Unmarried"
"1304","74100","Haarlem"
"1305","74100","C"
"1306","74100","D"
"1307","74100","23 to 35 years"
"1308","74100","36 to 50 years"
"1309","74100","Male"
"1310","74100","Married"
"1311","74100","Unmarried"
"1312","74220","Amsterdam"
"1313","74220","Haarlem"
"1314","74220","D"
"1315","74220","23 to 35 years"
"1316","74220","Male"
"1317","74220","Married"
"1318","74400","Amsterdam"
"1319","74400","Haarlem"
"1320","74400","A"
"1321","74400","D"
"1322","74400","14 to 15 years"
"1323","74400","18 to 22 years"
"1324","74400","23 to 35 years"
"1325","74400","36 to 50 years"
"1326","74400","51 to 60 years"
"1327","74400","More than 71 years"
"1328","74400","Male"
"1329","74400","Married"
"1330","74400","Unmarried"
"1331","74470","Amsterdam"
"1332","74470","Haarlem"
"1333","74470","A"
"1334","74470","C"
"1335","74470","D"
"1336","74470","23 to 35 years"
"1337","74470","36 to 50 years"
"1338","74470","66 to 70 years"
"1339","74470","Male"
"1340","74470","Married"
"1341","74470","Unmarried"
"1342","74925","Alkmaar"
"1343","74925","Beverwijk"
"1344","74925","Bloemendaal"
"1345","74925","Bussum"
"1346","74925","Edam"
"1347","74925","Enkhuizen"
"1348","74925","Hilversum"
"1349","74925","Hoorn"
"1350","74925","Nieuwer Amstel"
"1351","74925","Purmerend"
"1352","74925","Sloten"
"1353","74925","Velzen"
"1354","74925","Weesp"
"1355","74925","Wormerveer"
"1356","74925","C"
"1357","74925","D"
"1358","74925","14 to 15 years"
"1359","74925","16 to 17 years"
"1360","74925","18 to 22 years"
"1361","74925","23 to 35 years"
"1362","74925","36 to 50 years"
"1363","74925","51 to 60 years"
"1364","74925","61 to 65 years"
"1365","74925","66 to 70 years"
"1366","74925","More than 71 years"
"1367","74925","Male"
"1368","74925","Married"
"1369","74925","Unmarried"
"1370","74990","Amsterdam"
"1371","74990","Beverwijk"
"1372","74990","Bussum"
"1373","74990","Hilversum"
"1374","74990","Hoorn"
"1375","74990","Nieuwer Amstel"
"1376","74990","Sloten"
"1377","74990","Velzen"
"1378","74990","Weesp"
"1379","74990","Wormerveer"
"1380","74990","C"
"1381","74990","D"
"1382","74990","12 to 13 years"
"1383","74990","14 to 15 years"
"1384","74990","16 to 17 years"
"1385","74990","18 to 22 years"
"1386","74990","23 to 35 years"
"1387","74990","36 to 50 years"
"1388","74990","51 to 60 years"
"1389","74990","66 to 70 years"
"1390","74990","More than 71 years"
"1391","74990","Less than 12 years"
"1392","74990","Male"
"1393","74990","Female"
"1394","74990","Married"
"1395","74990","Unmarried"
"1396","75000","Amsterdam"
"1397","75000","Haarlem"
"1398","75000","Den Helder"
"1399","75000","C"
"1400","75000","D"
"1401","75000","12 to 13 years"
"1402","75000","14 to 15 years"
"1403","75000","16 to 17 years"
"1404","75000","18 to 22 years"
"1405","75000","23 to 35 years"
"1406","75000","36 to 50 years"
"1407","75000","51 to 60 years"
"1408","75000","61 to 65 years"
"1409","75000","Male"
"1410","75000","Female"
"1411","75000","Married"
"1412","75000","Unmarried"
"1413","75100","Zaandam"
"1414","75100","D"
"1415","75100","12 to 13 years"
"1416","75100","14 to 15 years"
"1417","75100","16 to 17 years"
"1418","75100","18 to 22 years"
"1419","75100","23 to 35 years"
"1420","75100","36 to 50 years"
"1421","75100","51 to 60 years"
"1422","75100","61 to 65 years"
"1423","75100","66 to 70 years"
"1424","75100","Male"
"1425","75100","Married"
"1426","75100","Unmarried"
"1427","75452","Amsterdam"
"1428","75452","D"
"1429","75452","16 to 17 years"
"1430","75452","Female"
"1431","75452","Unmarried"
"1432","75457","Haarlem"
"1433","75457","D"
"1434","75457","18 to 22 years"
"1435","75457","36 to 50 years"
"1436","75457","51 to 60 years"
"1437","75457","Male"
"1438","75457","Female"
"1439","75457","Married"
"1440","75457","Unmarried"
"1441","75465","Amsterdam"
"1442","75465","D"
"1443","75465","23 to 35 years"
"1444","75465","Male"
"1445","75465","Married"
"1446","75490","Amsterdam"
"1447","75490","D"
"1448","75490","14 to 15 years"
"1449","75490","18 to 22 years"
"1450","75490","23 to 35 years"
"1451","75490","36 to 50 years"
"1452","75490","Male"
"1453","75490","Female"
"1454","75490","Married"
"1455","75490","Unmarried"
"1456","75690","Haarlem"
"1457","75690","C"
"1458","75690","D"
"1459","75690","12 to 13 years"
"1460","75690","14 to 15 years"
"1461","75690","16 to 17 years"
"1462","75690","18 to 22 years"
"1463","75690","23 to 35 years"
"1464","75690","36 to 50 years"
"1465","75690","51 to 60 years"
"1466","75690","61 to 65 years"
"1467","75690","66 to 70 years"
"1468","75690","Male"
"1469","75690","Married"
"1470","75690","Unmarried"
"1471","75710","Haarlem"
"1472","75710","C"
"1473","75710","D"
"1474","75710","14 to 15 years"
"1475","75710","18 to 22 years"
"1476","75710","36 to 50 years"
"1477","75710","51 to 60 years"
"1478","75710","Male"
"1479","75710","Married"
"1480","75710","Unmarried"
"1481","75990","Amsterdam"
"1482","75990","D"
"1483","75990","12 to 13 years"
"1484","75990","18 to 22 years"
"1485","75990","Female"
"1486","75990","Unmarried"
"1487","76290","Amsterdam"
"1488","76290","Haarlem"
"1489","76290","A"
"1490","76290","B"
"1491","76290","C"
"1492","76290","D"
"1493","76290","14 to 15 years"
"1494","76290","16 to 17 years"
"1495","76290","18 to 22 years"
"1496","76290","23 to 35 years"
"1497","76290","36 to 50 years"
"1498","76290","51 to 60 years"
"1499","76290","61 to 65 years"
"1500","76290","More than 71 years"
"1501","76290","Male"
"1502","76290","Married"
"1503","76290","Unmarried"
"1504","77120","Amsterdam"
"1505","77120","Haarlem"
"1506","77120","Den Helder"
"1507","77120","Zaandam"
"1508","77120","C"
"1509","77120","D"
"1510","77120","12 to 13 years"
"1511","77120","18 to 22 years"
"1512","77120","23 to 35 years"
"1513","77120","36 to 50 years"
"1514","77120","51 to 60 years"
"1515","77120","61 to 65 years"
"1516","77120","66 to 70 years"
"1517","77120","More than 71 years"
"1518","77120","Male"
"1519","77120","Married"
"1520","77120","Unmarried"
"1521","77200","Den Helder"
"1522","77200","D"
"1523","77200","16 to 17 years"
"1524","77200","Male"
"1525","77200","Unmarried"
"1526","77250","Amsterdam"
"1527","77250","A"
"1528","77250","B"
"1529","77250","C"
"1530","77250","D"
"1531","77250","12 to 13 years"
"1532","77250","14 to 15 years"
"1533","77250","16 to 17 years"
"1534","77250","18 to 22 years"
"1535","77250","23 to 35 years"
"1536","77250","36 to 50 years"
"1537","77250","51 to 60 years"
"1538","77250","61 to 65 years"
"1539","77250","66 to 70 years"
"1540","77250","More than 71 years"
"1541","77250","Male"
"1542","77250","Married"
"1543","77250","Unmarried"
"1544","77320","Amsterdam"
"1545","77320","Haarlem"
"1546","77320","Den Helder"
"1547","77320","Zaandam"
"1548","77320","A"
"1549","77320","C"
"1550","77320","D"
"1551","77320","14 to 15 years"
"1552","77320","18 to 22 years"
"1553","77320","23 to 35 years"
"1554","77320","36 to 50 years"
"1555","77320","51 to 60 years"
"1556","77320","61 to 65 years"
"1557","77320","66 to 70 years"
"1558","77320","Male"
"1559","77320","Married"
"1560","77320","Unmarried"
"1561","77460","Amsterdam"
"1562","77460","Den Helder"
"1563","77460","A"
"1564","77460","C"
"1565","77460","D"
"1566","77460","18 to 22 years"
"1567","77460","23 to 35 years"
"1568","77460","36 to 50 years"
"1569","77460","51 to 60 years"
"1570","77460","Male"
"1571","77460","Married"
"1572","77460","Unmarried"
"1573","77510","Alkmaar"
"1574","77510","Hoorn"
"1575","77510","Nieuwer Amstel"
"1576","77510","Purmerend"
"1577","77510","Sloten"
"1578","77510","Texel"
"1579","77510","Weesp"
"1580","77510","C"
"1581","77510","D"
"1582","77510","12 to 13 years"
"1583","77510","14 to 15 years"
"1584","77510","16 to 17 years"
"1585","77510","18 to 22 years"
"1586","77510","23 to 35 years"
"1587","77510","36 to 50 years"
"1588","77510","51 to 60 years"
"1589","77510","61 to 65 years"
"1590","77510","Male"
"1591","77510","Married"
"1592","77510","Unmarried"
"1593","77610","Amsterdam"
"1594","77610","Den Helder"
"1595","77610","Zaandam"
"1596","77610","C"
"1597","77610","D"
"1598","77610","12 to 13 years"
"1599","77610","14 to 15 years"
"1600","77610","18 to 22 years"
"1601","77610","23 to 35 years"
"1602","77610","36 to 50 years"
"1603","77610","51 to 60 years"
"1604","77610","More than 71 years"
"1605","77610","Male"
"1606","77610","Married"
"1607","77610","Unmarried"
"1608","77630","Amsterdam"
"1609","77630","Haarlem"
"1610","77630","Den Helder"
"1611","77630","Zaandam"
"1612","77630","A"
"1613","77630","B"
"1614","77630","C"
"1615","77630","D"
"1616","77630","12 to 13 years"
"1617","77630","14 to 15 years"
"1618","77630","16 to 17 years"
"1619","77630","18 to 22 years"
"1620","77630","23 to 35 years"
"1621","77630","36 to 50 years"
"1622","77630","51 to 60 years"
"1623","77630","61 to 65 years"
"1624","77630","66 to 70 years"
"1625","77630","More than 71 years"
"1626","77630","Male"
"1627","77630","Female"
"1628","77630","Married"
"1629","77630","Unmarried"
"1630","77660","Haarlem"
"1631","77660","D"
"1632","77660","12 to 13 years"
"1633","77660","14 to 15 years"
"1634","77660","23 to 35 years"
"1635","77660","51 to 60 years"
"1636","77660","Male"
"1637","77660","Female"
"1638","77660","Married"
"1639","77660","Unmarried"
"1640","77690","Amsterdam"
"1641","77690","D"
"1642","77690","23 to 35 years"
"1643","77690","Female"
"1644","77690","Unmarried"
"1645","77750","Amsterdam"
"1646","77750","A"
"1647","77750","C"
"1648","77750","D"
"1649","77750","14 to 15 years"
"1650","77750","16 to 17 years"
"1651","77750","18 to 22 years"
"1652","77750","23 to 35 years"
"1653","77750","36 to 50 years"
"1654","77750","51 to 60 years"
"1655","77750","More than 71 years"
"1656","77750","Male"
"1657","77750","Female"
"1658","77750","Married"
"1659","77750","Unmarried"
"1660","77790","Amsterdam"
"1661","77790","A"
"1662","77790","C"
"1663","77790","D"
"1664","77790","12 to 13 years"
"1665","77790","14 to 15 years"
"1666","77790","16 to 17 years"
"1667","77790","18 to 22 years"
"1668","77790","23 to 35 years"
"1669","77790","36 to 50 years"
"1670","77790","51 to 60 years"
"1671","77790","61 to 65 years"
"1672","77790","More than 71 years"
"1673","77790","Male"
"1674","77790","Female"
"1675","77790","Married"
"1676","77790","Unmarried"
"1677","77810","Amsterdam"
"1678","77810","Haarlem"
"1679","77810","A"
"1680","77810","B"
"1681","77810","C"
"1682","77810","D"
"1683","77810","12 to 13 years"
"1684","77810","14 to 15 years"
"1685","77810","16 to 17 years"
"1686","77810","18 to 22 years"
"1687","77810","23 to 35 years"
"1688","77810","36 to 50 years"
"1689","77810","51 to 60 years"
"1690","77810","61 to 65 years"
"1691","77810","66 to 70 years"
"1692","77810","More than 71 years"
"1693","77810","Male"
"1694","77810","Married"
"1695","77810","Unmarried"
"1696","77840","Amsterdam"
"1697","77840","D"
"1698","77840","23 to 35 years"
"1699","77840","Male"
"1700","77840","Married"
"1701","77880","Haarlem"
"1702","77880","D"
"1703","77880","18 to 22 years"
"1704","77880","51 to 60 years"
"1705","77880","Male"
"1706","77880","Married"
"1707","77880","Unmarried"
"1708","77890","Zaandam"
"1709","77890","C"
"1710","77890","D"
"1711","77890","18 to 22 years"
"1712","77890","36 to 50 years"
"1713","77890","Male"
"1714","77890","Married"
"1715","77890","Unmarried"
"1716","77920","Haarlem"
"1717","77920","D"
"1718","77920","16 to 17 years"
"1719","77920","18 to 22 years"
"1720","77920","23 to 35 years"
"1721","77920","66 to 70 years"
"1722","77920","More than 71 years"
"1723","77920","Male"
"1724","77920","Married"
"1725","77920","Unmarried"
"1726","77940","Amsterdam"
"1727","77940","D"
"1728","77940","23 to 35 years"
"1729","77940","36 to 50 years"
"1730","77940","51 to 60 years"
"1731","77940","Male"
"1732","77940","Married"
"1733","77990","Zaandam"
"1734","77990","D"
"1735","77990","18 to 22 years"
"1736","77990","Male"
"1737","77990","Unmarried"
"1738","79100","Amsterdam"
"1739","79100","Haarlem"
"1740","79100","Den Helder"
"1741","79100","Zaandam"
"1742","79100","A"
"1743","79100","B"
"1744","79100","C"
"1745","79100","D"
"1746","79100","12 to 13 years"
"1747","79100","14 to 15 years"
"1748","79100","16 to 17 years"
"1749","79100","18 to 22 years"
"1750","79100","23 to 35 years"
"1751","79100","36 to 50 years"
"1752","79100","51 to 60 years"
"1753","79100","61 to 65 years"
"1754","79100","66 to 70 years"
"1755","79100","More than 71 years"
"1756","79100","Less than 12 years"
"1757","79100","Male"
"1758","79100","Female"
"1759","79100","Married"
"1760","79100","Unmarried"
"1761","79190","Haarlem"
"1762","79190","C"
"1763","79190","D"
"1764","79190","12 to 13 years"
"1765","79190","14 to 15 years"
"1766","79190","16 to 17 years"
"1767","79190","18 to 22 years"
"1768","79190","23 to 35 years"
"1769","79190","36 to 50 years"
"1770","79190","51 to 60 years"
"1771","79190","61 to 65 years"
"1772","79190","More than 71 years"
"1773","79190","Female"
"1774","79190","Married"
"1775","79190","Unmarried"
"1776","79200","Amsterdam"
"1777","79200","Haarlem"
"1778","79200","A"
"1779","79200","C"
"1780","79200","D"
"1781","79200","12 to 13 years"
"1782","79200","14 to 15 years"
"1783","79200","16 to 17 years"
"1784","79200","18 to 22 years"
"1785","79200","23 to 35 years"
"1786","79200","36 to 50 years"
"1787","79200","51 to 60 years"
"1788","79200","66 to 70 years"
"1789","79200","More than 71 years"
"1790","79200","Male"
"1791","79200","Female"
"1792","79200","Married"
"1793","79200","Unmarried"
"1794","79310","Amsterdam"
"1795","79310","Haarlem"
"1796","79310","Den Helder"
"1797","79310","D"
"1798","79310","14 to 15 years"
"1799","79310","18 to 22 years"
"1800","79310","23 to 35 years"
"1801","79310","36 to 50 years"
"1802","79310","61 to 65 years"
"1803","79310","Female"
"1804","79310","Unmarried"
"1805","79390","Amsterdam"
"1806","79390","C"
"1807","79390","36 to 50 years"
"1808","79390","Male"
"1809","79390","Married"
"1810","79510","Amsterdam"
"1811","79510","Haarlem"
"1812","79510","Den Helder"
"1813","79510","Zaandam"
"1814","79510","A"
"1815","79510","B"
"1816","79510","C"
"1817","79510","D"
"1818","79510","12 to 13 years"
"1819","79510","14 to 15 years"
"1820","79510","16 to 17 years"
"1821","79510","18 to 22 years"
"1822","79510","23 to 35 years"
"1823","79510","36 to 50 years"
"1824","79510","51 to 60 years"
"1825","79510","More than 71 years"
"1826","79510","Female"
"1827","79510","Married"
"1828","79510","Unmarried"
"1829","79565","Amsterdam"
"1830","79565","Haarlem"
"1831","79565","A"
"1832","79565","D"
"1833","79565","12 to 13 years"
"1834","79565","14 to 15 years"
"1835","79565","16 to 17 years"
"1836","79565","18 to 22 years"
"1837","79565","23 to 35 years"
"1838","79565","36 to 50 years"
"1839","79565","51 to 60 years"
"1840","79565","61 to 65 years"
"1841","79565","66 to 70 years"
"1842","79565","Male"
"1843","79565","Female"
"1844","79565","Married"
"1845","79565","Unmarried"
"1846","79920","Amsterdam"
"1847","79920","Haarlem"
"1848","79920","Den Helder"
"1849","79920","Zaandam"
"1850","79920","A"
"1851","79920","C"
"1852","79920","D"
"1853","79920","12 to 13 years"
"1854","79920","14 to 15 years"
"1855","79920","16 to 17 years"
"1856","79920","18 to 22 years"
"1857","79920","23 to 35 years"
"1858","79920","36 to 50 years"
"1859","79920","51 to 60 years"
"1860","79920","61 to 65 years"
"1861","79920","66 to 70 years"
"1862","79920","More than 71 years"
"1863","79920","Male"
"1864","79920","Married"
"1865","79920","Unmarried"
"1866","80200","Haarlem"
"1867","80200","Zaandam"
"1868","80200","D"
"1869","80200","12 to 13 years"
"1870","80200","14 to 15 years"
"1871","80200","16 to 17 years"
"1872","80200","18 to 22 years"
"1873","80200","23 to 35 years"
"1874","80200","36 to 50 years"
"1875","80200","51 to 60 years"
"1876","80200","66 to 70 years"
"1877","80200","More than 71 years"
"1878","80200","Male"
"1879","80200","Female"
"1880","80200","Married"
"1881","80200","Unmarried"
"1882","80310","Alkmaar"
"1883","80310","Beverwijk"
"1884","80310","Bloemendaal"
"1885","80310","Bussum"
"1886","80310","Edam"
"1887","80310","Enkhuizen"
"1888","80310","Haarlemmermeer"
"1889","80310","Hilversum"
"1890","80310","Hoorn"
"1891","80310","Nieuwer Amstel"
"1892","80310","Purmerend"
"1893","80310","Sloten"
"1894","80310","Texel"
"1895","80310","Velzen"
"1896","80310","Weesp"
"1897","80310","Wormerveer"
"1898","80310","C"
"1899","80310","D"
"1900","80310","12 to 13 years"
"1901","80310","14 to 15 years"
"1902","80310","16 to 17 years"
"1903","80310","18 to 22 years"
"1904","80310","23 to 35 years"
"1905","80310","36 to 50 years"
"1906","80310","51 to 60 years"
"1907","80310","61 to 65 years"
"1908","80310","66 to 70 years"
"1909","80310","Male"
"1910","80310","Married"
"1911","80310","Unmarried"
"1912","80320","Amsterdam"
"1913","80320","Haarlem"
"1914","80320","Den Helder"
"1915","80320","Zaandam"
"1916","80320","A"
"1917","80320","C"
"1918","80320","D"
"1919","80320","12 to 13 years"
"1920","80320","14 to 15 years"
"1921","80320","16 to 17 years"
"1922","80320","18 to 22 years"
"1923","80320","23 to 35 years"
"1924","80320","36 to 50 years"
"1925","80320","51 to 60 years"
"1926","80320","61 to 65 years"
"1927","80320","66 to 70 years"
"1928","80320","More than 71 years"
"1929","80320","Male"
"1930","80320","Female"
"1931","80320","Married"
"1932","80320","Unmarried"
"1933","81000","Amsterdam"
"1934","81000","Haarlem"
"1935","81000","B"
"1936","81000","D"
"1937","81000","16 to 17 years"
"1938","81000","18 to 22 years"
"1939","81000","23 to 35 years"
"1940","81000","36 to 50 years"
"1941","81000","51 to 60 years"
"1942","81000","Male"
"1943","81000","Married"
"1944","81000","Unmarried"
"1945","81120","Amsterdam"
"1946","81120","Haarlem"
"1947","81120","Den Helder"
"1948","81120","Zaandam"
"1949","81120","C"
"1950","81120","D"
"1951","81120","12 to 13 years"
"1952","81120","14 to 15 years"
"1953","81120","16 to 17 years"
"1954","81120","18 to 22 years"
"1955","81120","23 to 35 years"
"1956","81120","36 to 50 years"
"1957","81120","51 to 60 years"
"1958","81120","61 to 65 years"
"1959","81120","66 to 70 years"
"1960","81120","Male"
"1961","81120","Female"
"1962","81120","Married"
"1963","81120","Unmarried"
"1964","81190","Amsterdam"
"1965","81190","Haarlem"
"1966","81190","Zaandam"
"1967","81190","A"
"1968","81190","B"
"1969","81190","C"
"1970","81190","D"
"1971","81190","12 to 13 years"
"1972","81190","14 to 15 years"
"1973","81190","16 to 17 years"
"1974","81190","18 to 22 years"
"1975","81190","23 to 35 years"
"1976","81190","36 to 50 years"
"1977","81190","51 to 60 years"
"1978","81190","61 to 65 years"
"1979","81190","66 to 70 years"
"1980","81190","Male"
"1981","81190","Married"
"1982","81190","Unmarried"
"1983","81225","Amsterdam"
"1984","81225","Haarlem"
"1985","81225","Den Helder"
"1986","81225","Zaandam"
"1987","81225","A"
"1988","81225","B"
"1989","81225","C"
"1990","81225","D"
"1991","81225","14 to 15 years"
"1992","81225","16 to 17 years"
"1993","81225","18 to 22 years"
"1994","81225","23 to 35 years"
"1995","81225","36 to 50 years"
"1996","81225","51 to 60 years"
"1997","81225","61 to 65 years"
"1998","81225","66 to 70 years"
"1999","81225","More than 71 years"
"2000","81225","Male"
"2001","81225","Married"
"2002","81225","Unmarried"
"2003","81230","Amsterdam"
"2004","81230","Haarlem"
"2005","81230","Zaandam"
"2006","81230","A"
"2007","81230","D"
"2008","81230","12 to 13 years"
"2009","81230","14 to 15 years"
"2010","81230","16 to 17 years"
"2011","81230","18 to 22 years"
"2012","81230","23 to 35 years"
"2013","81230","36 to 50 years"
"2014","81230","51 to 60 years"
"2015","81230","61 to 65 years"
"2016","81230","66 to 70 years"
"2017","81230","More than 71 years"
"2018","81230","Less than 12 years"
"2019","81230","Male"
"2020","81230","Married"
"2021","81230","Unmarried"
"2022","81925","Amsterdam"
"2023","81925","Haarlem"
"2024","81925","Den Helder"
"2025","81925","Zaandam"
"2026","81925","A"
"2027","81925","B"
"2028","81925","C"
"2029","81925","D"
"2030","81925","12 to 13 years"
"2031","81925","14 to 15 years"
"2032","81925","16 to 17 years"
"2033","81925","18 to 22 years"
"2034","81925","23 to 35 years"
"2035","81925","36 to 50 years"
"2036","81925","51 to 60 years"
"2037","81925","61 to 65 years"
"2038","81925","66 to 70 years"
"2039","81925","More than 71 years"
"2040","81925","Less than 12 years"
"2041","81925","Male"
"2042","81925","Married"
"2043","81925","Unmarried"
"2044","81930","Amsterdam"
"2045","81930","Haarlem"
"2046","81930","Den Helder"
"2047","81930","Zaandam"
"2048","81930","A"
"2049","81930","C"
"2050","81930","D"
"2051","81930","12 to 13 years"
"2052","81930","14 to 15 years"
"2053","81930","16 to 17 years"
"2054","81930","18 to 22 years"
"2055","81930","23 to 35 years"
"2056","81930","36 to 50 years"
"2057","81930","51 to 60 years"
"2058","81930","61 to 65 years"
"2059","81930","66 to 70 years"
"2060","81930","More than 71 years"
"2061","81930","Male"
"2062","81930","Married"
"2063","81930","Unmarried"
"2064","81945","Amsterdam"
"2065","81945","Haarlem"
"2066","81945","A"
"2067","81945","D"
"2068","81945","14 to 15 years"
"2069","81945","16 to 17 years"
"2070","81945","18 to 22 years"
"2071","81945","23 to 35 years"
"2072","81945","Male"
"2073","81945","Female"
"2074","81945","Unmarried"
"2075","81990","Amsterdam"
"2076","81990","Haarlem"
"2077","81990","A"
"2078","81990","C"
"2079","81990","D"
"2080","81990","14 to 15 years"
"2081","81990","16 to 17 years"
"2082","81990","18 to 22 years"
"2083","81990","23 to 35 years"
"2084","81990","36 to 50 years"
"2085","81990","51 to 60 years"
"2086","81990","61 to 65 years"
"2087","81990","66 to 70 years"
"2088","81990","Male"
"2089","81990","Married"
"2090","81990","Unmarried"
"2091","82000","Amsterdam"
"2092","82000","Haarlem"
"2093","82000","C"
"2094","82000","D"
"2095","82000","18 to 22 years"
"2096","82000","23 to 35 years"
"2097","82000","36 to 50 years"
"2098","82000","51 to 60 years"
"2099","82000","More than 71 years"
"2100","82000","Male"
"2101","82000","Female"
"2102","82000","Married"
"2103","82000","Unmarried"
"2104","83110","Amsterdam"
"2105","83110","Haarlem"
"2106","83110","Den Helder"
"2107","83110","Zaandam"
"2108","83110","A"
"2109","83110","B"
"2110","83110","C"
"2111","83110","D"
"2112","83110","12 to 13 years"
"2113","83110","14 to 15 years"
"2114","83110","16 to 17 years"
"2115","83110","18 to 22 years"
"2116","83110","23 to 35 years"
"2117","83110","36 to 50 years"
"2118","83110","51 to 60 years"
"2119","83110","61 to 65 years"
"2120","83110","66 to 70 years"
"2121","83110","More than 71 years"
"2122","83110","Less than 12 years"
"2123","83110","Male"
"2124","83110","Female"
"2125","83110","Married"
"2126","83110","Unmarried"
"2127","83220","Amsterdam"
"2128","83220","Haarlem"
"2129","83220","Zaandam"
"2130","83220","A"
"2131","83220","D"
"2132","83220","18 to 22 years"
"2133","83220","23 to 35 years"
"2134","83220","36 to 50 years"
"2135","83220","Male"
"2136","83220","Married"
"2137","83220","Unmarried"
"2138","83320","Amsterdam"
"2139","83320","Haarlem"
"2140","83320","Den Helder"
"2141","83320","Zaandam"
"2142","83320","A"
"2143","83320","C"
"2144","83320","D"
"2145","83320","12 to 13 years"
"2146","83320","14 to 15 years"
"2147","83320","16 to 17 years"
"2148","83320","18 to 22 years"
"2149","83320","23 to 35 years"
"2150","83320","36 to 50 years"
"2151","83320","51 to 60 years"
"2152","83320","61 to 65 years"
"2153","83320","66 to 70 years"
"2154","83320","More than 71 years"
"2155","83320","Male"
"2156","83320","Married"
"2157","83320","Unmarried"
"2158","83465","Amsterdam"
"2159","83465","Haarlem"
"2160","83465","A"
"2161","83465","B"
"2162","83465","D"
"2163","83465","12 to 13 years"
"2164","83465","14 to 15 years"
"2165","83465","16 to 17 years"
"2166","83465","18 to 22 years"
"2167","83465","23 to 35 years"
"2168","83465","36 to 50 years"
"2169","83465","51 to 60 years"
"2170","83465","61 to 65 years"
"2171","83465","66 to 70 years"
"2172","83465","More than 71 years"
"2173","83465","Male"
"2174","83465","Female"
"2175","83465","Married"
"2176","83465","Unmarried"
"2177","83530","Amsterdam"
"2178","83530","D"
"2179","83530","36 to 50 years"
"2180","83530","Male"
"2181","83530","Married"
"2182","83590","Amsterdam"
"2183","83590","Haarlem"
"2184","83590","Den Helder"
"2185","83590","Zaandam"
"2186","83590","A"
"2187","83590","D"
"2188","83590","14 to 15 years"
"2189","83590","16 to 17 years"
"2190","83590","18 to 22 years"
"2191","83590","23 to 35 years"
"2192","83590","36 to 50 years"
"2193","83590","51 to 60 years"
"2194","83590","66 to 70 years"
"2195","83590","More than 71 years"
"2196","83590","Male"
"2197","83590","Female"
"2198","83590","Married"
"2199","83590","Unmarried"
"2200","83920","Amsterdam"
"2201","83920","Haarlem"
"2202","83920","Den Helder"
"2203","83920","Zaandam"
"2204","83920","A"
"2205","83920","C"
"2206","83920","D"
"2207","83920","14 to 15 years"
"2208","83920","16 to 17 years"
"2209","83920","18 to 22 years"
"2210","83920","23 to 35 years"
"2211","83920","36 to 50 years"
"2212","83920","51 to 60 years"
"2213","83920","61 to 65 years"
"2214","83920","Male"
"2215","83920","Married"
"2216","83920","Unmarried"
"2217","83990","Amsterdam"
"2218","83990","Den Helder"
"2219","83990","A"
"2220","83990","C"
"2221","83990","D"
"2222","83990","18 to 22 years"
"2223","83990","23 to 35 years"
"2224","83990","36 to 50 years"
"2225","83990","51 to 60 years"
"2226","83990","61 to 65 years"
"2227","83990","Male"
"2228","83990","Married"
"2229","83990","Unmarried"
"2230","84100","Alkmaar"
"2231","84100","Amsterdam"
"2232","84100","Beverwijk"
"2233","84100","Bloemendaal"
"2234","84100","Bussum"
"2235","84100","Edam"
"2236","84100","Haarlem"
"2237","84100","Haarlemmermeer"
"2238","84100","Den Helder"
"2239","84100","Hilversum"
"2240","84100","Hoorn"
"2241","84100","Nieuwer Amstel"
"2242","84100","Purmerend"
"2243","84100","Sloten"
"2244","84100","Velzen"
"2245","84100","Weesp"
"2246","84100","Wormerveer"
"2247","84100","Zaandam"
"2248","84100","A"
"2249","84100","B"
"2250","84100","C"
"2251","84100","D"
"2252","84100","12 to 13 years"
"2253","84100","14 to 15 years"
"2254","84100","16 to 17 years"
"2255","84100","18 to 22 years"
"2256","84100","23 to 35 years"
"2257","84100","36 to 50 years"
"2258","84100","51 to 60 years"
"2259","84100","61 to 65 years"
"2260","84100","66 to 70 years"
"2261","84100","More than 71 years"
"2262","84100","Male"
"2263","84100","Female"
"2264","84100","Married"
"2265","84100","Unmarried"
"2266","84150","Den Helder"
"2267","84150","D"
"2268","84150","14 to 15 years"
"2269","84150","16 to 17 years"
"2270","84150","Male"
"2271","84150","Unmarried"
"2272","84220","Amsterdam"
"2273","84220","Haarlem"
"2274","84220","Den Helder"
"2275","84220","Zaandam"
"2276","84220","C"
"2277","84220","D"
"2278","84220","12 to 13 years"
"2279","84220","14 to 15 years"
"2280","84220","16 to 17 years"
"2281","84220","18 to 22 years"
"2282","84220","23 to 35 years"
"2283","84220","36 to 50 years"
"2284","84220","51 to 60 years"
"2285","84220","61 to 65 years"
"2286","84220","66 to 70 years"
"2287","84220","More than 71 years"
"2288","84220","Male"
"2289","84220","Female"
"2290","84220","Married"
"2291","84220","Unmarried"
"2292","84250","Amsterdam"
"2293","84250","C"
"2294","84250","D"
"2295","84250","14 to 15 years"
"2296","84250","16 to 17 years"
"2297","84250","18 to 22 years"
"2298","84250","23 to 35 years"
"2299","84250","36 to 50 years"
"2300","84250","Male"
"2301","84250","Married"
"2302","84250","Unmarried"
"2303","84975","Den Helder"
"2304","84975","Zaandam"
"2305","84975","D"
"2306","84975","14 to 15 years"
"2307","84975","16 to 17 years"
"2308","84975","18 to 22 years"
"2309","84975","Male"
"2310","84975","Unmarried"
"2311","84990","Alkmaar"
"2312","84990","Amsterdam"
"2313","84990","Bussum"
"2314","84990","Hilversum"
"2315","84990","Hoorn"
"2316","84990","Purmerend"
"2317","84990","Sloten"
"2318","84990","Wormerveer"
"2319","84990","C"
"2320","84990","D"
"2321","84990","14 to 15 years"
"2322","84990","16 to 17 years"
"2323","84990","18 to 22 years"
"2324","84990","23 to 35 years"
"2325","84990","36 to 50 years"
"2326","84990","51 to 60 years"
"2327","84990","Male"
"2328","84990","Married"
"2329","84990","Unmarried"
"2330","85110","Den Helder"
"2331","85110","C"
"2332","85110","18 to 22 years"
"2333","85110","Male"
"2334","85110","Unmarried"
"2335","85510","Amsterdam"
"2336","85510","Haarlem"
"2337","85510","C"
"2338","85510","D"
"2339","85510","14 to 15 years"
"2340","85510","16 to 17 years"
"2341","85510","18 to 22 years"
"2342","85510","23 to 35 years"
"2343","85510","51 to 60 years"
"2344","85510","Male"
"2345","85510","Married"
"2346","85510","Unmarried"
"2347","85600","Amsterdam"
"2348","85600","Haarlem"
"2349","85600","C"
"2350","85600","D"
"2351","85600","18 to 22 years"
"2352","85600","23 to 35 years"
"2353","85600","36 to 50 years"
"2354","85600","51 to 60 years"
"2355","85600","Male"
"2356","85600","Married"
"2357","85600","Unmarried"
"2358","87105","Amsterdam"
"2359","87105","Haarlem"
"2360","87105","Den Helder"
"2361","87105","Zaandam"
"2362","87105","A"
"2363","87105","C"
"2364","87105","D"
"2365","87105","12 to 13 years"
"2366","87105","14 to 15 years"
"2367","87105","16 to 17 years"
"2368","87105","18 to 22 years"
"2369","87105","23 to 35 years"
"2370","87105","36 to 50 years"
"2371","87105","51 to 60 years"
"2372","87105","61 to 65 years"
"2373","87105","66 to 70 years"
"2374","87105","More than 71 years"
"2375","87105","Less than 12 years"
"2376","87105","Male"
"2377","87105","Female"
"2378","87105","Married"
"2379","87105","Unmarried"
"2380","87120","Amsterdam"
"2381","87120","Haarlem"
"2382","87120","Den Helder"
"2383","87120","C"
"2384","87120","D"
"2385","87120","14 to 15 years"
"2386","87120","16 to 17 years"
"2387","87120","18 to 22 years"
"2388","87120","23 to 35 years"
"2389","87120","36 to 50 years"
"2390","87120","51 to 60 years"
"2391","87120","61 to 65 years"
"2392","87120","More than 71 years"
"2393","87120","Male"
"2394","87120","Female"
"2395","87120","Married"
"2396","87120","Unmarried"
"2397","87330","Amsterdam"
"2398","87330","Haarlem"
"2399","87330","Den Helder"
"2400","87330","D"
"2401","87330","14 to 15 years"
"2402","87330","16 to 17 years"
"2403","87330","18 to 22 years"
"2404","87330","23 to 35 years"
"2405","87330","36 to 50 years"
"2406","87330","51 to 60 years"
"2407","87330","61 to 65 years"
"2408","87330","66 to 70 years"
"2409","87330","Male"
"2410","87330","Married"
"2411","87330","Unmarried"
"2412","87340","Amsterdam"
"2413","87340","Haarlem"
"2414","87340","Zaandam"
"2415","87340","A"
"2416","87340","C"
"2417","87340","D"
"2418","87340","12 to 13 years"
"2419","87340","14 to 15 years"
"2420","87340","16 to 17 years"
"2421","87340","18 to 22 years"
"2422","87340","23 to 35 years"
"2423","87340","36 to 50 years"
"2424","87340","51 to 60 years"
"2425","87340","61 to 65 years"
"2426","87340","66 to 70 years"
"2427","87340","More than 71 years"
"2428","87340","Less than 12 years"
"2429","87340","Male"
"2430","87340","Female"
"2431","87340","Married"
"2432","87340","Unmarried"
"2433","87350","Amsterdam"
"2434","87350","Haarlem"
"2435","87350","Den Helder"
"2436","87350","Zaandam"
"2437","87350","C"
"2438","87350","D"
"2439","87350","12 to 13 years"
"2440","87350","14 to 15 years"
"2441","87350","16 to 17 years"
"2442","87350","18 to 22 years"
"2443","87350","23 to 35 years"
"2444","87350","36 to 50 years"
"2445","87350","51 to 60 years"
"2446","87350","61 to 65 years"
"2447","87350","More than 71 years"
"2448","87350","Male"
"2449","87350","Married"
"2450","87350","Unmarried"
"2451","88010","Amsterdam"
"2452","88010","Zaandam"
"2453","88010","C"
"2454","88010","D"
"2455","88010","12 to 13 years"
"2456","88010","14 to 15 years"
"2457","88010","16 to 17 years"
"2458","88010","18 to 22 years"
"2459","88010","23 to 35 years"
"2460","88010","36 to 50 years"
"2461","88010","51 to 60 years"
"2462","88010","61 to 65 years"
"2463","88010","66 to 70 years"
"2464","88010","More than 71 years"
"2465","88010","Male"
"2466","88010","Female"
"2467","88010","Married"
"2468","88010","Unmarried"
"2469","88030","Amsterdam"
"2470","88030","Haarlem"
"2471","88030","Zaandam"
"2472","88030","A"
"2473","88030","B"
"2474","88030","C"
"2475","88030","D"
"2476","88030","12 to 13 years"
"2477","88030","14 to 15 years"
"2478","88030","16 to 17 years"
"2479","88030","18 to 22 years"
"2480","88030","23 to 35 years"
"2481","88030","36 to 50 years"
"2482","88030","51 to 60 years"
"2483","88030","61 to 65 years"
"2484","88030","66 to 70 years"
"2485","88030","More than 71 years"
"2486","88030","Less than 12 years"
"2487","88030","Male"
"2488","88030","Female"
"2489","88030","Married"
"2490","88030","Unmarried"
"2491","88040","Amsterdam"
"2492","88040","A"
"2493","88040","C"
"2494","88040","D"
"2495","88040","14 to 15 years"
"2496","88040","16 to 17 years"
"2497","88040","23 to 35 years"
"2498","88040","36 to 50 years"
"2499","88040","51 to 60 years"
"2500","88040","Male"
"2501","88040","Married"
"2502","88040","Unmarried"
"2503","89120","Amsterdam"
"2504","89120","A"
"2505","89120","C"
"2506","89120","D"
"2507","89120","23 to 35 years"
"2508","89120","36 to 50 years"
"2509","89120","61 to 65 years"
"2510","89120","More than 71 years"
"2511","89120","Male"
"2512","89120","Married"
"2513","89160","Haarlem"
"2514","89160","Zaandam"
"2515","89160","C"
"2516","89160","D"
"2517","89160","12 to 13 years"
"2518","89160","14 to 15 years"
"2519","89160","16 to 17 years"
"2520","89160","18 to 22 years"
"2521","89160","23 to 35 years"
"2522","89160","36 to 50 years"
"2523","89160","Male"
"2524","89160","Married"
"2525","89160","Unmarried"
"2526","89200","Amsterdam"
"2527","89200","Haarlem"
"2528","89200","Haarlemmermeer"
"2529","89200","Den Helder"
"2530","89200","Hilversum"
"2531","89200","Purmerend"
"2532","89200","A"
"2533","89200","C"
"2534","89200","D"
"2535","89200","12 to 13 years"
"2536","89200","14 to 15 years"
"2537","89200","16 to 17 years"
"2538","89200","18 to 22 years"
"2539","89200","23 to 35 years"
"2540","89200","36 to 50 years"
"2541","89200","51 to 60 years"
"2542","89200","61 to 65 years"
"2543","89200","66 to 70 years"
"2544","89200","More than 71 years"
"2545","89200","Male"
"2546","89200","Female"
"2547","89200","Married"
"2548","89200","Unmarried"
"2549","89220","Amsterdam"
"2550","89220","Haarlem"
"2551","89220","Den Helder"
"2552","89220","A"
"2553","89220","C"
"2554","89220","D"
"2555","89220","12 to 13 years"
"2556","89220","14 to 15 years"
"2557","89220","16 to 17 years"
"2558","89220","18 to 22 years"
"2559","89220","23 to 35 years"
"2560","89220","36 to 50 years"
"2561","89220","51 to 60 years"
"2562","89220","61 to 65 years"
"2563","89220","66 to 70 years"
"2564","89220","More than 71 years"
"2565","89220","Male"
"2566","89220","Married"
"2567","89220","Unmarried"
"2568","89290","Amsterdam"
"2569","89290","Haarlem"
"2570","89290","A"
"2571","89290","36 to 50 years"
"2572","89290","66 to 70 years"
"2573","89290","Male"
"2574","89290","Married"
"2575","89300","Amsterdam"
"2576","89300","C"
"2577","89300","D"
"2578","89300","16 to 17 years"
"2579","89300","18 to 22 years"
"2580","89300","23 to 35 years"
"2581","89300","36 to 50 years"
"2582","89300","51 to 60 years"
"2583","89300","61 to 65 years"
"2584","89300","66 to 70 years"
"2585","89300","Male"
"2586","89300","Married"
"2587","89300","Unmarried"
"2588","89420","Amsterdam"
"2589","89420","Haarlem"
"2590","89420","Den Helder"
"2591","89420","Hilversum"
"2592","89420","A"
"2593","89420","C"
"2594","89420","D"
"2595","89420","14 to 15 years"
"2596","89420","16 to 17 years"
"2597","89420","18 to 22 years"
"2598","89420","23 to 35 years"
"2599","89420","36 to 50 years"
"2600","89420","51 to 60 years"
"2601","89420","61 to 65 years"
"2602","89420","66 to 70 years"
"2603","89420","More than 71 years"
"2604","89420","Male"
"2605","89420","Female"
"2606","89420","Married"
"2607","89420","Unmarried"
"2608","89520","Amsterdam"
"2609","89520","A"
"2610","89520","D"
"2611","89520","18 to 22 years"
"2612","89520","23 to 35 years"
"2613","89520","Male"
"2614","89520","Female"
"2615","89520","Married"
"2616","89520","Unmarried"
"2617","90100","Amsterdam"
"2618","90100","Den Helder"
"2619","90100","Wormerveer"
"2620","90100","D"
"2621","90100","12 to 13 years"
"2622","90100","14 to 15 years"
"2623","90100","16 to 17 years"
"2624","90100","18 to 22 years"
"2625","90100","23 to 35 years"
"2626","90100","36 to 50 years"
"2627","90100","51 to 60 years"
"2628","90100","Male"
"2629","90100","Married"
"2630","90100","Unmarried"
"2631","91025","Amsterdam"
"2632","91025","Haarlem"
"2633","91025","Zaandam"
"2634","91025","D"
"2635","91025","12 to 13 years"
"2636","91025","14 to 15 years"
"2637","91025","18 to 22 years"
"2638","91025","Male"
"2639","91025","Unmarried"
"2640","91075","Amsterdam"
"2641","91075","Zaandam"
"2642","91075","A"
"2643","91075","C"
"2644","91075","D"
"2645","91075","12 to 13 years"
"2646","91075","14 to 15 years"
"2647","91075","16 to 17 years"
"2648","91075","18 to 22 years"
"2649","91075","23 to 35 years"
"2650","91075","36 to 50 years"
"2651","91075","51 to 60 years"
"2652","91075","61 to 65 years"
"2653","91075","66 to 70 years"
"2654","91075","More than 71 years"
"2655","91075","Male"
"2656","91075","Female"
"2657","91075","Married"
"2658","91075","Unmarried"
"2659","92110","Amsterdam"
"2660","92110","Haarlem"
"2661","92110","Den Helder"
"2662","92110","Zaandam"
"2663","92110","A"
"2664","92110","B"
"2665","92110","C"
"2666","92110","D"
"2667","92110","12 to 13 years"
"2668","92110","14 to 15 years"
"2669","92110","16 to 17 years"
"2670","92110","18 to 22 years"
"2671","92110","23 to 35 years"
"2672","92110","36 to 50 years"
"2673","92110","51 to 60 years"
"2674","92110","61 to 65 years"
"2675","92110","66 to 70 years"
"2676","92110","More than 71 years"
"2677","92110","Less than 12 years"
"2678","92110","Male"
"2679","92110","Female"
"2680","92110","Married"
"2681","92110","Unmarried"
"2682","92120","Amsterdam"
"2683","92120","Haarlem"
"2684","92120","Den Helder"
"2685","92120","Zaandam"
"2686","92120","C"
"2687","92120","D"
"2688","92120","12 to 13 years"
"2689","92120","14 to 15 years"
"2690","92120","16 to 17 years"
"2691","92120","18 to 22 years"
"2692","92120","23 to 35 years"
"2693","92120","36 to 50 years"
"2694","92120","51 to 60 years"
"2695","92120","61 to 65 years"
"2696","92120","66 to 70 years"
"2697","92120","More than 71 years"
"2698","92120","Male"
"2699","92120","Female"
"2700","92120","Married"
"2701","92120","Unmarried"
"2702","92225","Amsterdam"
"2703","92225","Haarlem"
"2704","92225","D"
"2705","92225","14 to 15 years"
"2706","92225","16 to 17 years"
"2707","92225","18 to 22 years"
"2708","92225","23 to 35 years"
"2709","92225","36 to 50 years"
"2710","92225","51 to 60 years"
"2711","92225","Male"
"2712","92225","Married"
"2713","92225","Unmarried"
"2714","92250","Amsterdam"
"2715","92250","Haarlem"
"2716","92250","Zaandam"
"2717","92250","A"
"2718","92250","B"
"2719","92250","C"
"2720","92250","D"
"2721","92250","12 to 13 years"
"2722","92250","14 to 15 years"
"2723","92250","16 to 17 years"
"2724","92250","18 to 22 years"
"2725","92250","23 to 35 years"
"2726","92250","36 to 50 years"
"2727","92250","51 to 60 years"
"2728","92250","61 to 65 years"
"2729","92250","66 to 70 years"
"2730","92250","More than 71 years"
"2731","92250","Male"
"2732","92250","Female"
"2733","92250","Married"
"2734","92250","Unmarried"
"2735","92290","Amsterdam"
"2736","92290","A"
"2737","92290","D"
"2738","92290","14 to 15 years"
"2739","92290","16 to 17 years"
"2740","92290","18 to 22 years"
"2741","92290","23 to 35 years"
"2742","92290","36 to 50 years"
"2743","92290","Male"
"2744","92290","Female"
"2745","92290","Married"
"2746","92290","Unmarried"
"2747","92530","Amsterdam"
"2748","92530","Haarlem"
"2749","92530","A"
"2750","92530","C"
"2751","92530","D"
"2752","92530","14 to 15 years"
"2753","92530","18 to 22 years"
"2754","92530","23 to 35 years"
"2755","92530","36 to 50 years"
"2756","92530","51 to 60 years"
"2757","92530","Male"
"2758","92530","Female"
"2759","92530","Married"
"2760","92530","Unmarried"
"2761","92625","Amsterdam"
"2762","92625","Haarlem"
"2763","92625","Den Helder"
"2764","92625","Zaandam"
"2765","92625","A"
"2766","92625","C"
"2767","92625","D"
"2768","92625","12 to 13 years"
"2769","92625","14 to 15 years"
"2770","92625","16 to 17 years"
"2771","92625","18 to 22 years"
"2772","92625","23 to 35 years"
"2773","92625","36 to 50 years"
"2774","92625","51 to 60 years"
"2775","92625","61 to 65 years"
"2776","92625","66 to 70 years"
"2777","92625","More than 71 years"
"2778","92625","Less than 12 years"
"2779","92625","Male"
"2780","92625","Female"
"2781","92625","Married"
"2782","92625","Unmarried"
"2783","92690","Haarlem"
"2784","92690","D"
"2785","92690","23 to 35 years"
"2786","92690","51 to 60 years"
"2787","92690","Male"
"2788","92690","Married"
"2789","93120","Amsterdam"
"2790","93120","Haarlem"
"2791","93120","Den Helder"
"2792","93120","Zaandam"
"2793","93120","A"
"2794","93120","B"
"2795","93120","C"
"2796","93120","D"
"2797","93120","12 to 13 years"
"2798","93120","14 to 15 years"
"2799","93120","16 to 17 years"
"2800","93120","18 to 22 years"
"2801","93120","23 to 35 years"
"2802","93120","36 to 50 years"
"2803","93120","51 to 60 years"
"2804","93120","61 to 65 years"
"2805","93120","66 to 70 years"
"2806","93120","More than 71 years"
"2807","93120","Less than 12 years"
"2808","93120","Male"
"2809","93120","Female"
"2810","93120","Married"
"2811","93120","Unmarried"
"2812","93130","Amsterdam"
"2813","93130","Haarlem"
"2814","93130","Den Helder"
"2815","93130","C"
"2816","93130","D"
"2817","93130","12 to 13 years"
"2818","93130","14 to 15 years"
"2819","93130","16 to 17 years"
"2820","93130","18 to 22 years"
"2821","93130","23 to 35 years"
"2822","93130","36 to 50 years"
"2823","93130","51 to 60 years"
"2824","93130","61 to 65 years"
"2825","93130","Male"
"2826","93130","Married"
"2827","93130","Unmarried"
"2828","93920","Amsterdam"
"2829","93920","Haarlem"
"2830","93920","Zaandam"
"2831","93920","A"
"2832","93920","B"
"2833","93920","C"
"2834","93920","D"
"2835","93920","12 to 13 years"
"2836","93920","14 to 15 years"
"2837","93920","16 to 17 years"
"2838","93920","18 to 22 years"
"2839","93920","23 to 35 years"
"2840","93920","36 to 50 years"
"2841","93920","51 to 60 years"
"2842","93920","61 to 65 years"
"2843","93920","66 to 70 years"
"2844","93920","More than 71 years"
"2845","93920","Male"
"2846","93920","Female"
"2847","93920","Married"
"2848","93920","Unmarried"
"2849","93960","Amsterdam"
"2850","93960","Haarlem"
"2851","93960","A"
"2852","93960","C"
"2853","93960","D"
"2854","93960","12 to 13 years"
"2855","93960","14 to 15 years"
"2856","93960","16 to 17 years"
"2857","93960","18 to 22 years"
"2858","93960","23 to 35 years"
"2859","93960","36 to 50 years"
"2860","93960","51 to 60 years"
"2861","93960","61 to 65 years"
"2862","93960","66 to 70 years"
"2863","93960","More than 71 years"
"2864","93960","Male"
"2865","93960","Married"
"2866","93960","Unmarried"
"2867","94100","Amsterdam"
"2868","94100","Haarlem"
"2869","94100","C"
"2870","94100","D"
"2871","94100","12 to 13 years"
"2872","94100","14 to 15 years"
"2873","94100","16 to 17 years"
"2874","94100","18 to 22 years"
"2875","94100","23 to 35 years"
"2876","94100","36 to 50 years"
"2877","94100","51 to 60 years"
"2878","94100","61 to 65 years"
"2879","94100","Male"
"2880","94100","Married"
"2881","94100","Unmarried"
"2882","94180","Amsterdam"
"2883","94180","Haarlem"
"2884","94180","Den Helder"
"2885","94180","Zaandam"
"2886","94180","A"
"2887","94180","C"
"2888","94180","D"
"2889","94180","16 to 17 years"
"2890","94180","18 to 22 years"
"2891","94180","23 to 35 years"
"2892","94180","36 to 50 years"
"2893","94180","51 to 60 years"
"2894","94180","Male"
"2895","94180","Married"
"2896","94180","Unmarried"
"2897","94220","Haarlem"
"2898","94220","Den Helder"
"2899","94220","Zaandam"
"2900","94220","D"
"2901","94220","14 to 15 years"
"2902","94220","16 to 17 years"
"2903","94220","18 to 22 years"
"2904","94220","36 to 50 years"
"2905","94220","51 to 60 years"
"2906","94220","Male"
"2907","94220","Married"
"2908","94220","Unmarried"
"2909","94240","Amsterdam"
"2910","94240","A"
"2911","94240","D"
"2912","94240","14 to 15 years"
"2913","94240","23 to 35 years"
"2914","94240","36 to 50 years"
"2915","94240","51 to 60 years"
"2916","94240","Male"
"2917","94240","Female"
"2918","94240","Married"
"2919","94240","Unmarried"
"2920","94250","Amsterdam"
"2921","94250","Haarlem"
"2922","94250","Den Helder"
"2923","94250","Zaandam"
"2924","94250","A"
"2925","94250","D"
"2926","94250","14 to 15 years"
"2927","94250","16 to 17 years"
"2928","94250","18 to 22 years"
"2929","94250","23 to 35 years"
"2930","94250","36 to 50 years"
"2931","94250","51 to 60 years"
"2932","94250","61 to 65 years"
"2933","94250","66 to 70 years"
"2934","94250","More than 71 years"
"2935","94250","Male"
"2936","94250","Female"
"2937","94250","Married"
"2938","94250","Unmarried"
"2939","94290","Amsterdam"
"2940","94290","Haarlem"
"2941","94290","Zaandam"
"2942","94290","A"
"2943","94290","D"
"2944","94290","12 to 13 years"
"2945","94290","14 to 15 years"
"2946","94290","16 to 17 years"
"2947","94290","18 to 22 years"
"2948","94290","23 to 35 years"
"2949","94290","36 to 50 years"
"2950","94290","51 to 60 years"
"2951","94290","61 to 65 years"
"2952","94290","66 to 70 years"
"2953","94290","More than 71 years"
"2954","94290","Male"
"2955","94290","Female"
"2956","94290","Married"
"2957","94290","Unmarried"
"2958","94920","Amsterdam"
"2959","94920","A"
"2960","94920","D"
"2961","94920","23 to 35 years"
"2962","94920","51 to 60 years"
"2963","94920","Male"
"2964","94920","Married"
"2965","94960","Alkmaar"
"2966","94960","Hilversum"
"2967","94960","Sloten"
"2968","94960","Velzen"
"2969","94960","Wormerveer"
"2970","94960","C"
"2971","94960","D"
"2972","94960","12 to 13 years"
"2973","94960","14 to 15 years"
"2974","94960","16 to 17 years"
"2975","94960","18 to 22 years"
"2976","94960","23 to 35 years"
"2977","94960","36 to 50 years"
"2978","94960","51 to 60 years"
"2979","94960","61 to 65 years"
"2980","94960","66 to 70 years"
"2981","94960","More than 71 years"
"2982","94960","Male"
"2983","94960","Female"
"2984","94960","Married"
"2985","94960","Unmarried"
"2986","94990","Amsterdam"
"2987","94990","Haarlem"
"2988","94990","Zaandam"
"2989","94990","A"
"2990","94990","D"
"2991","94990","12 to 13 years"
"2992","94990","14 to 15 years"
"2993","94990","16 to 17 years"
"2994","94990","18 to 22 years"
"2995","94990","23 to 35 years"
"2996","94990","36 to 50 years"
"2997","94990","51 to 60 years"
"2998","94990","61 to 65 years"
"2999","94990","66 to 70 years"
"3000","94990","Male"
"3001","94990","Female"
"3002","94990","Married"
"3003","94990","Unmarried"
"3004","95120","Amsterdam"
"3005","95120","Haarlem"
"3006","95120","Den Helder"
"3007","95120","Zaandam"
"3008","95120","A"
"3009","95120","B"
"3010","95120","C"
"3011","95120","D"
"3012","95120","12 to 13 years"
"3013","95120","14 to 15 years"
"3014","95120","16 to 17 years"
"3015","95120","18 to 22 years"
"3016","95120","23 to 35 years"
"3017","95120","36 to 50 years"
"3018","95120","51 to 60 years"
"3019","95120","61 to 65 years"
"3020","95120","66 to 70 years"
"3021","95120","More than 71 years"
"3022","95120","Male"
"3023","95120","Married"
"3024","95120","Unmarried"
"3025","95160","Amsterdam"
"3026","95160","Haarlem"
"3027","95160","Den Helder"
"3028","95160","Zaandam"
"3029","95160","A"
"3030","95160","C"
"3031","95160","D"
"3032","95160","12 to 13 years"
"3033","95160","14 to 15 years"
"3034","95160","16 to 17 years"
"3035","95160","18 to 22 years"
"3036","95160","23 to 35 years"
"3037","95160","36 to 50 years"
"3038","95160","51 to 60 years"
"3039","95160","61 to 65 years"
"3040","95160","Male"
"3041","95160","Married"
"3042","95160","Unmarried"
"3043","95210","Alkmaar"
"3044","95210","Amsterdam"
"3045","95210","Haarlem"
"3046","95210","Sloten"
"3047","95210","Wormerveer"
"3048","95210","A"
"3049","95210","C"
"3050","95210","D"
"3051","95210","14 to 15 years"
"3052","95210","16 to 17 years"
"3053","95210","18 to 22 years"
"3054","95210","23 to 35 years"
"3055","95210","36 to 50 years"
"3056","95210","51 to 60 years"
"3057","95210","61 to 65 years"
"3058","95210","66 to 70 years"
"3059","95210","Less than 12 years"
"3060","95210","Male"
"3061","95210","Married"
"3062","95210","Unmarried"
"3063","95300","Amsterdam"
"3064","95300","Haarlem"
"3065","95300","Zaandam"
"3066","95300","A"
"3067","95300","D"
"3068","95300","18 to 22 years"
"3069","95300","23 to 35 years"
"3070","95300","36 to 50 years"
"3071","95300","51 to 60 years"
"3072","95300","61 to 65 years"
"3073","95300","Male"
"3074","95300","Married"
"3075","95300","Unmarried"
"3076","95410","Amsterdam"
"3077","95410","Haarlem"
"3078","95410","Den Helder"
"3079","95410","Zaandam"
"3080","95410","A"
"3081","95410","B"
"3082","95410","C"
"3083","95410","D"
"3084","95410","12 to 13 years"
"3085","95410","14 to 15 years"
"3086","95410","16 to 17 years"
"3087","95410","18 to 22 years"
"3088","95410","23 to 35 years"
"3089","95410","36 to 50 years"
"3090","95410","51 to 60 years"
"3091","95410","61 to 65 years"
"3092","95410","66 to 70 years"
"3093","95410","More than 71 years"
"3094","95410","Less than 12 years"
"3095","95410","Male"
"3096","95410","Female"
"3097","95410","Married"
"3098","95410","Unmarried"
"3099","95440","Amsterdam"
"3100","95440","Haarlem"
"3101","95440","Den Helder"
"3102","95440","Zaandam"
"3103","95440","A"
"3104","95440","B"
"3105","95440","C"
"3106","95440","D"
"3107","95440","12 to 13 years"
"3108","95440","14 to 15 years"
"3109","95440","16 to 17 years"
"3110","95440","18 to 22 years"
"3111","95440","23 to 35 years"
"3112","95440","36 to 50 years"
"3113","95440","51 to 60 years"
"3114","95440","61 to 65 years"
"3115","95440","66 to 70 years"
"3116","95440","More than 71 years"
"3117","95440","Less than 12 years"
"3118","95440","Male"
"3119","95440","Married"
"3120","95440","Unmarried"
"3121","95510","Amsterdam"
"3122","95510","Haarlem"
"3123","95510","Den Helder"
"3124","95510","Zaandam"
"3125","95510","A"
"3126","95510","B"
"3127","95510","C"
"3128","95510","D"
"3129","95510","12 to 13 years"
"3130","95510","14 to 15 years"
"3131","95510","16 to 17 years"
"3132","95510","18 to 22 years"
"3133","95510","23 to 35 years"
"3134","95510","36 to 50 years"
"3135","95510","51 to 60 years"
"3136","95510","61 to 65 years"
"3137","95510","66 to 70 years"
"3138","95510","More than 71 years"
"3139","95510","Male"
"3140","95510","Female"
"3141","95510","Married"
"3142","95510","Unmarried"
"3143","95720","Amsterdam"
"3144","95720","D"
"3145","95720","23 to 35 years"
"3146","95720","Male"
"3147","95720","Married"
"3148","95910","Amsterdam"
"3149","95910","Haarlem"
"3150","95910","Zaandam"
"3151","95910","A"
"3152","95910","D"
"3153","95910","23 to 35 years"
"3154","95910","36 to 50 years"
"3155","95910","51 to 60 years"
"3156","95910","61 to 65 years"
"3157","95910","More than 71 years"
"3158","95910","Male"
"3159","95910","Married"
"3160","95910","Unmarried"
"3161","95925","Amsterdam"
"3162","95925","Haarlem"
"3163","95925","Den Helder"
"3164","95925","Zaandam"
"3165","95925","A"
"3166","95925","B"
"3167","95925","C"
"3168","95925","D"
"3169","95925","12 to 13 years"
"3170","95925","14 to 15 years"
"3171","95925","16 to 17 years"
"3172","95925","18 to 22 years"
"3173","95925","23 to 35 years"
"3174","95925","36 to 50 years"
"3175","95925","51 to 60 years"
"3176","95925","61 to 65 years"
"3177","95925","66 to 70 years"
"3178","95925","More than 71 years"
"3179","95925","Less than 12 years"
"3180","95925","Male"
"3181","95925","Female"
"3182","95925","Married"
"3183","95925","Unmarried"
"3184","96930","Amsterdam"
"3185","96930","Haarlem"
"3186","96930","Den Helder"
"3187","96930","Zaandam"
"3188","96930","D"
"3189","96930","12 to 13 years"
"3190","96930","14 to 15 years"
"3191","96930","16 to 17 years"
"3192","96930","18 to 22 years"
"3193","96930","23 to 35 years"
"3194","96930","36 to 50 years"
"3195","96930","51 to 60 years"
"3196","96930","61 to 65 years"
"3197","96930","66 to 70 years"
"3198","96930","More than 71 years"
"3199","96930","Male"
"3200","96930","Married"
"3201","96930","Unmarried"
"3202","97120","Amsterdam"
"3203","97120","Zaandam"
"3204","97120","C"
"3205","97120","D"
"3206","97120","14 to 15 years"
"3207","97120","16 to 17 years"
"3208","97120","18 to 22 years"
"3209","97120","23 to 35 years"
"3210","97120","36 to 50 years"
"3211","97120","51 to 60 years"
"3212","97120","61 to 65 years"
"3213","97120","66 to 70 years"
"3214","97120","More than 71 years"
"3215","97120","Male"
"3216","97120","Married"
"3217","97120","Unmarried"
"3218","97125","Alkmaar"
"3219","97125","Amsterdam"
"3220","97125","Beverwijk"
"3221","97125","Bloemendaal"
"3222","97125","Bussum"
"3223","97125","Edam"
"3224","97125","Enkhuizen"
"3225","97125","Haarlem"
"3226","97125","Haarlemmermeer"
"3227","97125","Den Helder"
"3228","97125","Hilversum"
"3229","97125","Hoorn"
"3230","97125","Nieuwer Amstel"
"3231","97125","Purmerend"
"3232","97125","Sloten"
"3233","97125","Texel"
"3234","97125","Velzen"
"3235","97125","Weesp"
"3236","97125","Wormerveer"
"3237","97125","Zaandam"
"3238","97125","A"
"3239","97125","B"
"3240","97125","C"
"3241","97125","D"
"3242","97125","12 to 13 years"
"3243","97125","14 to 15 years"
"3244","97125","16 to 17 years"
"3245","97125","18 to 22 years"
"3246","97125","23 to 35 years"
"3247","97125","36 to 50 years"
"3248","97125","51 to 60 years"
"3249","97125","61 to 65 years"
"3250","97125","66 to 70 years"
"3251","97125","More than 71 years"
"3252","97125","Male"
"3253","97125","Female"
"3254","97125","Married"
"3255","97125","Unmarried"
"3256","97145","Amsterdam"
"3257","97145","Haarlem"
"3258","97145","Den Helder"
"3259","97145","Zaandam"
"3260","97145","C"
"3261","97145","D"
"3262","97145","12 to 13 years"
"3263","97145","14 to 15 years"
"3264","97145","16 to 17 years"
"3265","97145","18 to 22 years"
"3266","97145","23 to 35 years"
"3267","97145","36 to 50 years"
"3268","97145","51 to 60 years"
"3269","97145","61 to 65 years"
"3270","97145","66 to 70 years"
"3271","97145","More than 71 years"
"3272","97145","Male"
"3273","97145","Female"
"3274","97145","Married"
"3275","97145","Unmarried"
"3276","97152","Amsterdam"
"3277","97152","Haarlem"
"3278","97152","Den Helder"
"3279","97152","Zaandam"
"3280","97152","A"
"3281","97152","B"
"3282","97152","C"
"3283","97152","D"
"3284","97152","12 to 13 years"
"3285","97152","14 to 15 years"
"3286","97152","16 to 17 years"
"3287","97152","18 to 22 years"
"3288","97152","23 to 35 years"
"3289","97152","36 to 50 years"
"3290","97152","51 to 60 years"
"3291","97152","61 to 65 years"
"3292","97152","66 to 70 years"
"3293","97152","More than 71 years"
"3294","97152","Less than 12 years"
"3295","97152","Male"
"3296","97152","Female"
"3297","97152","Married"
"3298","97152","Unmarried"
"3299","97190","Amsterdam"
"3300","97190","Haarlem"
"3301","97190","Zaandam"
"3302","97190","A"
"3303","97190","C"
"3304","97190","D"
"3305","97190","12 to 13 years"
"3306","97190","14 to 15 years"
"3307","97190","16 to 17 years"
"3308","97190","18 to 22 years"
"3309","97190","23 to 35 years"
"3310","97190","36 to 50 years"
"3311","97190","51 to 60 years"
"3312","97190","61 to 65 years"
"3313","97190","66 to 70 years"
"3314","97190","More than 71 years"
"3315","97190","Male"
"3316","97190","Female"
"3317","97190","Married"
"3318","97190","Unmarried"
"3319","97355","Amsterdam"
"3320","97355","Haarlem"
"3321","97355","Den Helder"
"3322","97355","Zaandam"
"3323","97355","A"
"3324","97355","C"
"3325","97355","D"
"3326","97355","18 to 22 years"
"3327","97355","23 to 35 years"
"3328","97355","36 to 50 years"
"3329","97355","51 to 60 years"
"3330","97355","61 to 65 years"
"3331","97355","66 to 70 years"
"3332","97355","More than 71 years"
"3333","97355","Male"
"3334","97355","Married"
"3335","97355","Unmarried"
"3336","97390","Amsterdam"
"3337","97390","Den Helder"
"3338","97390","D"
"3339","97390","12 to 13 years"
"3340","97390","14 to 15 years"
"3341","97390","18 to 22 years"
"3342","97390","23 to 35 years"
"3343","97390","36 to 50 years"
"3344","97390","51 to 60 years"
"3345","97390","61 to 65 years"
"3346","97390","66 to 70 years"
"3347","97390","Male"
"3348","97390","Married"
"3349","97390","Unmarried"
"3350","97415","Amsterdam"
"3351","97415","Haarlem"
"3352","97415","Den Helder"
"3353","97415","Zaandam"
"3354","97415","A"
"3355","97415","B"
"3356","97415","C"
"3357","97415","D"
"3358","97415","16 to 17 years"
"3359","97415","18 to 22 years"
"3360","97415","23 to 35 years"
"3361","97415","36 to 50 years"
"3362","97415","51 to 60 years"
"3363","97415","61 to 65 years"
"3364","97415","66 to 70 years"
"3365","97415","More than 71 years"
"3366","97415","Male"
"3367","97415","Female"
"3368","97415","Married"
"3369","97415","Unmarried"
"3370","97990","Amsterdam"
"3371","97990","A"
"3372","97990","More than 71 years"
"3373","97990","Male"
"3374","97990","Married"
"3375","98135","Amsterdam"
"3376","98135","Haarlem"
"3377","98135","Den Helder"
"3378","98135","Zaandam"
"3379","98135","D"
"3380","98135","14 to 15 years"
"3381","98135","16 to 17 years"
"3382","98135","18 to 22 years"
"3383","98135","23 to 35 years"
"3384","98135","36 to 50 years"
"3385","98135","51 to 60 years"
"3386","98135","61 to 65 years"
"3387","98135","66 to 70 years"
"3388","98135","More than 71 years"
"3389","98135","Male"
"3390","98135","Married"
"3391","98135","Unmarried"
"3392","98320","Amsterdam"
"3393","98320","Haarlem"
"3394","98320","Den Helder"
"3395","98320","Zaandam"
"3396","98320","C"
"3397","98320","12 to 13 years"
"3398","98320","14 to 15 years"
"3399","98320","16 to 17 years"
"3400","98320","18 to 22 years"
"3401","98320","23 to 35 years"
"3402","98320","36 to 50 years"
"3403","98320","51 to 60 years"
"3404","98320","61 to 65 years"
"3405","98320","66 to 70 years"
"3406","98320","More than 71 years"
"3407","98320","Male"
"3408","98320","Married"
"3409","98320","Unmarried"
"3410","98500","Amsterdam"
"3411","98500","Haarlem"
"3412","98500","Den Helder"
"3413","98500","Zaandam"
"3414","98500","A"
"3415","98500","B"
"3416","98500","C"
"3417","98500","D"
"3418","98500","12 to 13 years"
"3419","98500","14 to 15 years"
"3420","98500","16 to 17 years"
"3421","98500","18 to 22 years"
"3422","98500","23 to 35 years"
"3423","98500","36 to 50 years"
"3424","98500","51 to 60 years"
"3425","98500","61 to 65 years"
"3426","98500","66 to 70 years"
"3427","98500","More than 71 years"
"3428","98500","Male"
"3429","98500","Married"
"3430","98500","Unmarried"
"3431","98620","Amsterdam"
"3432","98620","Haarlem"
"3433","98620","A"
"3434","98620","C"
"3435","98620","D"
"3436","98620","18 to 22 years"
"3437","98620","23 to 35 years"
"3438","98620","36 to 50 years"
"3439","98620","51 to 60 years"
"3440","98620","61 to 65 years"
"3441","98620","66 to 70 years"
"3442","98620","More than 71 years"
"3443","98620","Male"
"3444","98620","Female"
"3445","98620","Married"
"3446","98620","Unmarried"
"3447","98690","Amsterdam"
"3448","98690","A"
"3449","98690","D"
"3450","98690","16 to 17 years"
"3451","98690","18 to 22 years"
"3452","98690","23 to 35 years"
"3453","98690","36 to 50 years"
"3454","98690","51 to 60 years"
"3455","98690","66 to 70 years"
"3456","98690","More than 71 years"
"3457","98690","Male"
"3458","98690","Married"
"3459","98690","Unmarried"
"3460","99900","Amsterdam"
"3461","99900","D"
"3462","99900","16 to 17 years"
"3463","99900","23 to 35 years"
"3464","99900","36 to 50 years"
"3465","99900","51 to 60 years"
"3466","99900","61 to 65 years"
"3467","99900","66 to 70 years"
"3468","99900","Male"
"3469","99900","Married"
"3470","99900","Unmarried"
"3471","99910","Amsterdam"
"3472","99910","Haarlem"
"3473","99910","Den Helder"
"3474","99910","Zaandam"
"3475","99910","D"
"3476","99910","12 to 13 years"
"3477","99910","14 to 15 years"
"3478","99910","16 to 17 years"
"3479","99910","18 to 22 years"
"3480","99910","23 to 35 years"
"3481","99910","36 to 50 years"
"3482","99910","51 to 60 years"
"3483","99910","61 to 65 years"
"3484","99910","66 to 70 years"
"3485","99910","More than 71 years"
"3486","99910","Less than 12 years"
"3487","99910","Male"
"3488","99910","Female"
"3489","99910","Married"
"3490","99910","Unmarried"
